src,kind,lang,feature,mag,sample,chrf,exact,len_ratio,nll_base,nll_steered,nll_delta
resid_nc_hm_4380000,onto,af,288,0.25,0,0.1895,0.0,1.217,4.014235019683838,4.190825462341309,0.1765904426574707
resid_nc_hm_4380000,onto,af,288,0.25,1,0.6926,0.0,0.903,5.142242908477783,5.598818302154541,0.4565753936767578
resid_nc_hm_4380000,onto,af,288,0.25,2,0.1900,0.0,1.081,4.6440043449401855,3.408280372619629,-1.2357239723205566
resid_nc_hm_4380000,onto,af,288,0.25,3,0.2176,0.0,1.012,4.763792514801025,4.662050724029541,-0.10174179077148438
resid_nc_hm_4380000,onto,af,288,0.25,4,0.3266,0.0,0.923,4.12262487411499,3.7553584575653076,-0.3672664165496826
resid_nc_hm_4380000,onto,af,288,0.25,5,0.7399,0.0,1.027,3.5913493633270264,3.983879327774048,0.3925299644470215
resid_nc_hm_4380000,onto,af,288,0.25,6,0.4337,0.0,0.915,4.606716632843018,4.16339111328125,-0.4433255195617676
resid_nc_hm_4380000,onto,af,288,0.25,7,0.2122,0.0,1.380,4.409839630126953,3.994539499282837,-0.4153001308441162
resid_nc_hm_4380000,onto,af,288,0.5,0,0.1830,0.0,1.192,4.014235019683838,6.273934841156006,2.259699821472168
resid_nc_hm_4380000,onto,af,288,0.5,1,0.2505,0.0,1.286,5.142242908477783,4.851535320281982,-0.2907075881958008
resid_nc_hm_4380000,onto,af,288,0.5,2,0.2547,0.0,0.854,4.6440043449401855,4.29353141784668,-0.35047292709350586
resid_nc_hm_4380000,onto,af,288,0.5,3,0.1272,0.0,1.207,4.763792514801025,5.8798508644104,1.116058349609375
resid_nc_hm_4380000,onto,af,288,0.5,4,0.3390,0.0,0.964,4.12262487411499,3.647763967514038,-0.47486090660095215
resid_nc_hm_4380000,onto,af,288,0.5,5,0.4802,0.0,0.947,3.5913493633270264,4.167181491851807,0.5758321285247803
resid_nc_hm_4380000,onto,af,288,0.5,6,0.3678,0.0,0.976,4.606716632843018,4.5178542137146,-0.08886241912841797
resid_nc_hm_4380000,onto,af,288,0.5,7,0.1106,0.0,1.360,4.409839630126953,4.981447696685791,0.5716080665588379
resid_nc_hm_4380000,onto,af,288,1.0,0,0.1611,0.0,1.242,4.014235019683838,5.429383754730225,1.4151487350463867
resid_nc_hm_4380000,onto,af,288,1.0,1,0.0236,0.0,0.506,5.142242908477783,4.03657341003418,-1.1056694984436035
resid_nc_hm_4380000,onto,af,288,1.0,2,0.2063,0.0,1.288,4.6440043449401855,2.5916521549224854,-2.0523521900177
resid_nc_hm_4380000,onto,af,288,1.0,3,0.0194,0.0,2.183,4.763792514801025,4.587526321411133,-0.17626619338989258
resid_nc_hm_4380000,onto,af,288,1.0,4,0.1768,0.0,0.791,4.12262487411499,3.766758918762207,-0.3558659553527832
resid_nc_hm_4380000,onto,af,288,1.0,5,0.2591,0.0,1.043,3.5913493633270264,3.461336135864258,-0.13001322746276855
resid_nc_hm_4380000,onto,af,288,1.0,6,0.1865,0.0,1.122,4.606716632843018,4.860737323760986,0.25402069091796875
resid_nc_hm_4380000,onto,af,288,1.0,7,0.1206,0.0,1.610,4.409839630126953,4.894919395446777,0.4850797653198242
resid_nc_hm_4380000,dm,af,-1,0.25,0,0.1079,0.0,0.708,4.014235019683838,2.4031753540039062,-1.6110596656799316
resid_nc_hm_4380000,dm,af,-1,0.25,1,0.4609,0.0,0.948,5.142242908477783,5.13106632232666,-0.011176586151123047
resid_nc_hm_4380000,dm,af,-1,0.25,2,0.1559,0.0,0.540,4.6440043449401855,4.5902628898620605,-0.053741455078125
resid_nc_hm_4380000,dm,af,-1,0.25,3,0.1756,0.0,1.024,4.763792514801025,5.608858108520508,0.8450655937194824
resid_nc_hm_4380000,dm,af,-1,0.25,4,0.4183,0.0,0.969,4.12262487411499,4.296763896942139,0.17413902282714844
resid_nc_hm_4380000,dm,af,-1,0.25,5,0.4707,0.0,0.851,3.5913493633270264,4.064383506774902,0.473034143447876
resid_nc_hm_4380000,dm,af,-1,0.25,6,0.5365,0.0,1.024,4.606716632843018,5.923164367675781,1.3164477348327637
resid_nc_hm_4380000,dm,af,-1,0.25,7,0.2502,0.0,1.060,4.409839630126953,5.394324779510498,0.9844851493835449
resid_nc_hm_4380000,dm,af,-1,0.5,0,0.0860,0.0,0.417,4.014235019683838,3.596397876739502,-0.41783714294433594
resid_nc_hm_4380000,dm,af,-1,0.5,1,0.4571,0.0,0.760,5.142242908477783,5.2447028160095215,0.10245990753173828
resid_nc_hm_4380000,dm,af,-1,0.5,2,0.1725,0.0,0.626,4.6440043449401855,4.603425025939941,-0.04057931900024414
resid_nc_hm_4380000,dm,af,-1,0.5,3,0.1800,0.0,1.012,4.763792514801025,5.684454441070557,0.9206619262695312
resid_nc_hm_4380000,dm,af,-1,0.5,4,0.2708,0.0,0.872,4.12262487411499,4.042408466339111,-0.0802164077758789
resid_nc_hm_4380000,dm,af,-1,0.5,5,0.3428,0.0,0.606,3.5913493633270264,4.384365558624268,0.7930161952972412
resid_nc_hm_4380000,dm,af,-1,0.5,6,0.2157,0.0,0.921,4.606716632843018,6.404832363128662,1.7981157302856445
resid_nc_hm_4380000,dm,af,-1,0.5,7,0.1360,0.0,1.160,4.409839630126953,6.1235432624816895,1.7137036323547363
resid_nc_hm_4380000,dm,af,-1,1.0,0,0.0983,0.0,0.375,4.014235019683838,4.206498622894287,0.19226360321044922
resid_nc_hm_4380000,dm,af,-1,1.0,1,0.1451,0.0,0.513,5.142242908477783,4.870105266571045,-0.2721376419067383
resid_nc_hm_4380000,dm,af,-1,1.0,2,0.1554,0.0,0.672,4.6440043449401855,6.561923980712891,1.917919635772705
resid_nc_hm_4380000,dm,af,-1,1.0,3,0.0084,0.0,0.317,4.763792514801025,4.637847900390625,-0.1259446144104004
resid_nc_hm_4380000,dm,af,-1,1.0,4,0.1009,0.0,0.291,4.12262487411499,4.6980180740356445,0.5753931999206543
resid_nc_hm_4380000,dm,af,-1,1.0,5,0.1739,0.0,0.473,3.5913493633270264,4.077855587005615,0.48650622367858887
resid_nc_hm_4380000,dm,af,-1,1.0,6,0.0413,0.0,0.207,4.606716632843018,4.893222808837891,0.28650617599487305
resid_nc_hm_4380000,dm,af,-1,1.0,7,0.0888,0.0,1.950,4.409839630126953,3.449772596359253,-0.9600670337677002
resid_nc_hm_4380000,probe,af,-1,0.25,0,0.2858,0.0,1.167,4.014235019683838,4.773684501647949,0.7594494819641113
resid_nc_hm_4380000,probe,af,-1,0.25,1,0.8072,0.0,1.013,5.142242908477783,5.8279128074646,0.6856698989868164
resid_nc_hm_4380000,probe,af,-1,0.25,2,0.4124,0.0,0.904,4.6440043449401855,5.309990406036377,0.6659860610961914
resid_nc_hm_4380000,probe,af,-1,0.25,3,0.1978,0.0,1.085,4.763792514801025,5.303486347198486,0.5396938323974609
resid_nc_hm_4380000,probe,af,-1,0.25,4,0.3354,0.0,0.954,4.12262487411499,3.9263648986816406,-0.1962599754333496
resid_nc_hm_4380000,probe,af,-1,0.25,5,0.4532,0.0,1.048,3.5913493633270264,3.9464797973632812,0.3551304340362549
resid_nc_hm_4380000,probe,af,-1,0.25,6,0.6474,0.0,0.976,4.606716632843018,4.8963165283203125,0.2895998954772949
resid_nc_hm_4380000,probe,af,-1,0.25,7,0.2818,0.0,1.010,4.409839630126953,4.726478576660156,0.3166389465332031
resid_nc_hm_4380000,probe,af,-1,0.5,0,0.1500,0.0,0.983,4.014235019683838,4.56913948059082,0.5549044609069824
resid_nc_hm_4380000,probe,af,-1,0.5,1,0.5661,0.0,0.987,5.142242908477783,5.943915367126465,0.8016724586486816
resid_nc_hm_4380000,probe,af,-1,0.5,2,0.3135,0.0,0.818,4.6440043449401855,4.242093563079834,-0.40191078186035156
resid_nc_hm_4380000,probe,af,-1,0.5,3,0.2089,0.0,1.146,4.763792514801025,4.960884094238281,0.19709157943725586
resid_nc_hm_4380000,probe,af,-1,0.5,4,0.3269,0.0,0.969,4.12262487411499,3.7275149822235107,-0.3951098918914795
resid_nc_hm_4380000,probe,af,-1,0.5,5,0.3951,0.0,0.984,3.5913493633270264,3.982389211654663,0.3910398483276367
resid_nc_hm_4380000,probe,af,-1,0.5,6,0.3602,0.0,0.963,4.606716632843018,4.237645626068115,-0.36907100677490234
resid_nc_hm_4380000,probe,af,-1,0.5,7,0.1507,0.0,1.160,4.409839630126953,4.142848491668701,-0.26699113845825195
resid_nc_hm_4380000,probe,af,-1,1.0,0,0.2249,0.0,0.892,4.014235019683838,3.978710889816284,-0.03552412986755371
resid_nc_hm_4380000,probe,af,-1,1.0,1,0.1992,0.0,0.753,5.142242908477783,5.411942005157471,0.2696990966796875
resid_nc_hm_4380000,probe,af,-1,1.0,2,0.2099,0.0,1.056,4.6440043449401855,3.1575114727020264,-1.4864928722381592
resid_nc_hm_4380000,probe,af,-1,1.0,3,0.0298,0.0,1.720,4.763792514801025,2.9383041858673096,-1.8254883289337158
resid_nc_hm_4380000,probe,af,-1,1.0,4,0.2954,0.0,0.990,4.12262487411499,3.8033854961395264,-0.31923937797546387
resid_nc_hm_4380000,probe,af,-1,1.0,5,0.2844,0.0,0.963,3.5913493633270264,3.5397582054138184,-0.05159115791320801
resid_nc_hm_4380000,probe,af,-1,1.0,6,0.1957,0.0,1.079,4.606716632843018,3.0450077056884766,-1.561708927154541
resid_nc_hm_4380000,probe,af,-1,1.0,7,0.0851,0.0,1.900,4.409839630126953,3.3230040073394775,-1.0868356227874756
resid_nc_hm_4380000,onto,am,38,0.25,0,0.3216,0.0,0.967,4.014235019683838,3.9490957260131836,-0.0651392936706543
resid_nc_hm_4380000,onto,am,38,0.25,1,0.4606,0.0,0.903,5.142242908477783,5.105464935302734,-0.03677797317504883
resid_nc_hm_4380000,onto,am,38,0.25,2,0.2274,0.0,1.035,4.6440043449401855,3.330730438232422,-1.3132739067077637
resid_nc_hm_4380000,onto,am,38,0.25,3,0.1844,0.0,0.976,4.763792514801025,4.103707790374756,-0.6600847244262695
resid_nc_hm_4380000,onto,am,38,0.25,4,0.2349,0.0,1.056,4.12262487411499,2.797454595565796,-1.3251702785491943
resid_nc_hm_4380000,onto,am,38,0.25,5,0.5033,0.0,1.032,3.5913493633270264,3.940511703491211,0.34916234016418457
resid_nc_hm_4380000,onto,am,38,0.25,6,0.6644,0.0,1.049,4.606716632843018,4.300589084625244,-0.30612754821777344
resid_nc_hm_4380000,onto,am,38,0.25,7,0.1118,0.0,1.030,4.409839630126953,3.1038577556610107,-1.3059818744659424
resid_nc_hm_4380000,onto,am,38,0.5,0,0.0278,0.0,0.725,4.014235019683838,2.6166954040527344,-1.3975396156311035
resid_nc_hm_4380000,onto,am,38,0.5,1,0.3507,0.0,0.968,5.142242908477783,4.477108478546143,-0.6651344299316406
resid_nc_hm_4380000,onto,am,38,0.5,2,0.2169,0.0,1.035,4.6440043449401855,3.6570193767547607,-0.9869849681854248
resid_nc_hm_4380000,onto,am,38,0.5,3,0.1580,0.0,0.878,4.763792514801025,4.008974552154541,-0.7548179626464844
resid_nc_hm_4380000,onto,am,38,0.5,4,0.2157,0.0,1.026,4.12262487411499,2.9137229919433594,-1.2089018821716309
resid_nc_hm_4380000,onto,am,38,0.5,5,0.1758,0.0,1.319,3.5913493633270264,3.3818397521972656,-0.20950961112976074
resid_nc_hm_4380000,onto,am,38,0.5,6,0.2257,0.0,1.238,4.606716632843018,3.562168836593628,-1.0445477962493896
resid_nc_hm_4380000,onto,am,38,0.5,7,0.0937,0.0,2.050,4.409839630126953,3.12884259223938,-1.2809970378875732
resid_nc_hm_4380000,onto,am,38,1.0,0,0.1695,0.0,1.583,4.014235019683838,2.6053829193115234,-1.4088521003723145
resid_nc_hm_4380000,onto,am,38,1.0,1,0.1247,0.0,0.623,5.142242908477783,3.498480796813965,-1.6437621116638184
resid_nc_hm_4380000,onto,am,38,1.0,2,0.1639,0.0,1.020,4.6440043449401855,2.9298040866851807,-1.7142002582550049
resid_nc_hm_4380000,onto,am,38,1.0,3,0.1176,0.0,1.732,4.763792514801025,2.760749101638794,-2.0030434131622314
resid_nc_hm_4380000,onto,am,38,1.0,4,0.2184,0.0,1.189,4.12262487411499,2.950638771057129,-1.1719861030578613
resid_nc_hm_4380000,onto,am,38,1.0,5,0.1602,0.0,1.144,3.5913493633270264,2.6972992420196533,-0.894050121307373
resid_nc_hm_4380000,onto,am,38,1.0,6,0.1732,0.0,1.104,4.606716632843018,2.5962986946105957,-2.010417938232422
resid_nc_hm_4380000,onto,am,38,1.0,7,0.0876,0.0,2.300,4.409839630126953,2.921736001968384,-1.4881036281585693
resid_nc_hm_4380000,dm,am,-1,0.25,0,0.2356,0.0,1.392,4.014235019683838,4.926732063293457,0.9124970436096191
resid_nc_hm_4380000,dm,am,-1,0.25,1,0.6019,0.0,0.929,5.142242908477783,4.783781051635742,-0.358461856842041
resid_nc_hm_4380000,dm,am,-1,0.25,2,0.2894,0.0,1.051,4.6440043449401855,3.4565296173095703,-1.1874747276306152
resid_nc_hm_4380000,dm,am,-1,0.25,3,0.1369,0.0,1.122,4.763792514801025,3.516002655029297,-1.2477898597717285
resid_nc_hm_4380000,dm,am,-1,0.25,4,0.2083,0.0,1.026,4.12262487411499,4.164988994598389,0.04236412048339844
resid_nc_hm_4380000,dm,am,-1,0.25,5,0.6348,0.0,1.101,3.5913493633270264,3.637826919555664,0.046477556228637695
resid_nc_hm_4380000,dm,am,-1,0.25,6,0.5171,0.0,1.073,4.606716632843018,4.5073561668396,-0.09936046600341797
resid_nc_hm_4380000,dm,am,-1,0.25,7,0.1915,0.0,1.270,4.409839630126953,4.180004596710205,-0.22983503341674805
resid_nc_hm_4380000,dm,am,-1,0.5,0,0.1802,0.0,1.942,4.014235019683838,2.3904645442962646,-1.6237704753875732
resid_nc_hm_4380000,dm,am,-1,0.5,1,0.2485,0.0,1.039,5.142242908477783,4.148301601409912,-0.9939413070678711
resid_nc_hm_4380000,dm,am,-1,0.5,2,0.2363,0.0,0.995,4.6440043449401855,3.5747010707855225,-1.069303274154663
resid_nc_hm_4380000,dm,am,-1,0.5,3,0.0166,0.0,1.927,4.763792514801025,2.716588020324707,-2.0472044944763184
resid_nc_hm_4380000,dm,am,-1,0.5,4,0.2066,0.0,1.133,4.12262487411499,3.3808891773223877,-0.7417356967926025
resid_nc_hm_4380000,dm,am,-1,0.5,5,0.3483,0.0,1.165,3.5913493633270264,3.7579948902130127,0.16664552688598633
resid_nc_hm_4380000,dm,am,-1,0.5,6,0.2405,0.0,1.274,4.606716632843018,4.144728183746338,-0.4619884490966797
resid_nc_hm_4380000,dm,am,-1,0.5,7,0.0867,0.0,1.550,4.409839630126953,4.165505886077881,-0.24433374404907227
resid_nc_hm_4380000,dm,am,-1,1.0,0,0.1496,0.0,1.792,4.014235019683838,2.7537319660186768,-1.2605030536651611
resid_nc_hm_4380000,dm,am,-1,1.0,1,0.1692,0.0,1.344,5.142242908477783,2.6993911266326904,-2.4428517818450928
resid_nc_hm_4380000,dm,am,-1,1.0,2,0.1784,0.0,1.091,4.6440043449401855,3.320875406265259,-1.3231289386749268
resid_nc_hm_4380000,dm,am,-1,1.0,3,0.0093,0.0,2.610,4.763792514801025,2.7898776531219482,-1.9739148616790771
resid_nc_hm_4380000,dm,am,-1,1.0,4,0.2307,0.0,1.163,4.12262487411499,3.201497793197632,-0.9211270809173584
resid_nc_hm_4380000,dm,am,-1,1.0,5,0.1737,0.0,1.122,3.5913493633270264,3.151775360107422,-0.4395740032196045
resid_nc_hm_4380000,dm,am,-1,1.0,6,0.1931,0.0,1.457,4.606716632843018,4.261611461639404,-0.3451051712036133
resid_nc_hm_4380000,dm,am,-1,1.0,7,0.0533,0.0,2.160,4.409839630126953,2.3043439388275146,-2.1054956912994385
resid_nc_hm_4380000,probe,am,-1,0.25,0,0.1783,0.0,1.825,4.014235019683838,3.00461483001709,-1.009620189666748
resid_nc_hm_4380000,probe,am,-1,0.25,1,0.8189,0.0,0.870,5.142242908477783,4.859311103820801,-0.2829318046569824
resid_nc_hm_4380000,probe,am,-1,0.25,2,0.2738,0.0,0.783,4.6440043449401855,4.895159721374512,0.25115537643432617
resid_nc_hm_4380000,probe,am,-1,0.25,3,0.2136,0.0,1.085,4.763792514801025,5.322720050811768,0.5589275360107422
resid_nc_hm_4380000,probe,am,-1,0.25,4,0.3341,0.0,0.985,4.12262487411499,4.752750396728516,0.6301255226135254
resid_nc_hm_4380000,probe,am,-1,0.25,5,0.5757,0.0,1.074,3.5913493633270264,5.0837836265563965,1.4924342632293701
resid_nc_hm_4380000,probe,am,-1,0.25,6,0.4987,0.0,0.945,4.606716632843018,5.532184600830078,0.9254679679870605
resid_nc_hm_4380000,probe,am,-1,0.25,7,0.2181,0.0,1.240,4.409839630126953,5.963708400726318,1.5538687705993652
resid_nc_hm_4380000,probe,am,-1,0.5,0,0.1694,0.0,1.025,4.014235019683838,6.683066368103027,2.6688313484191895
resid_nc_hm_4380000,probe,am,-1,0.5,1,0.6262,0.0,1.026,5.142242908477783,5.264562606811523,0.12231969833374023
resid_nc_hm_4380000,probe,am,-1,0.5,2,0.1648,0.0,0.672,4.6440043449401855,5.287181377410889,0.6431770324707031
resid_nc_hm_4380000,probe,am,-1,0.5,3,0.2088,0.0,1.122,4.763792514801025,5.4979729652404785,0.7341804504394531
resid_nc_hm_4380000,probe,am,-1,0.5,4,0.2711,0.0,0.903,4.12262487411499,4.860207557678223,0.7375826835632324
resid_nc_hm_4380000,probe,am,-1,0.5,5,0.5201,0.0,0.995,3.5913493633270264,5.061683654785156,1.4703342914581299
resid_nc_hm_4380000,probe,am,-1,0.5,6,0.2549,0.0,0.921,4.606716632843018,6.553835391998291,1.9471187591552734
resid_nc_hm_4380000,probe,am,-1,0.5,7,0.1767,0.0,1.210,4.409839630126953,5.776172637939453,1.3663330078125
resid_nc_hm_4380000,probe,am,-1,1.0,0,0.1489,0.0,1.217,4.014235019683838,6.362400054931641,2.3481650352478027
resid_nc_hm_4380000,probe,am,-1,1.0,1,0.4588,0.0,1.006,5.142242908477783,5.815392017364502,0.6731491088867188
resid_nc_hm_4380000,probe,am,-1,1.0,2,0.3095,0.0,0.944,4.6440043449401855,4.917332649230957,0.2733283042907715
resid_nc_hm_4380000,probe,am,-1,1.0,3,0.1953,0.0,1.171,4.763792514801025,5.766924858093262,1.0031323432922363
resid_nc_hm_4380000,probe,am,-1,1.0,4,0.2814,0.0,1.026,4.12262487411499,4.712525844573975,0.5899009704589844
resid_nc_hm_4380000,probe,am,-1,1.0,5,0.3252,0.0,0.814,3.5913493633270264,5.453736782073975,1.8623874187469482
resid_nc_hm_4380000,probe,am,-1,1.0,6,0.2487,0.0,1.012,4.606716632843018,6.6047043800354,1.9979877471923828
resid_nc_hm_4380000,probe,am,-1,1.0,7,0.1383,0.0,1.280,4.409839630126953,5.821678638458252,1.4118390083312988
resid_nc_hm_4380000,onto,be,127,0.25,0,0.3363,0.0,1.300,4.014235019683838,4.686769485473633,0.6725344657897949
resid_nc_hm_4380000,onto,be,127,0.25,1,0.7640,0.0,0.883,5.142242908477783,4.86605167388916,-0.27619123458862305
resid_nc_hm_4380000,onto,be,127,0.25,2,0.3010,0.0,1.061,4.6440043449401855,3.8157804012298584,-0.8282239437103271
resid_nc_hm_4380000,onto,be,127,0.25,3,0.1676,0.0,0.878,4.763792514801025,4.021307945251465,-0.7424845695495605
resid_nc_hm_4380000,onto,be,127,0.25,4,0.3089,0.0,0.893,4.12262487411499,3.9593896865844727,-0.16323518753051758
resid_nc_hm_4380000,onto,be,127,0.25,5,0.5798,0.0,1.027,3.5913493633270264,4.251868724822998,0.6605193614959717
resid_nc_hm_4380000,onto,be,127,0.25,6,0.6370,0.0,0.921,4.606716632843018,5.083789348602295,0.47707271575927734
resid_nc_hm_4380000,onto,be,127,0.25,7,0.2135,0.0,1.140,4.409839630126953,4.813836574554443,0.40399694442749023
resid_nc_hm_4380000,onto,be,127,0.5,0,0.1549,0.0,1.008,4.014235019683838,4.150156497955322,0.13592147827148438
resid_nc_hm_4380000,onto,be,127,0.5,1,0.1364,0.0,0.461,5.142242908477783,4.480411052703857,-0.6618318557739258
resid_nc_hm_4380000,onto,be,127,0.5,2,0.2927,0.0,0.924,4.6440043449401855,3.943849563598633,-0.7001547813415527
resid_nc_hm_4380000,onto,be,127,0.5,3,0.0328,0.0,1.817,4.763792514801025,4.035502910614014,-0.7282896041870117
resid_nc_hm_4380000,onto,be,127,0.5,4,0.2470,0.0,0.923,4.12262487411499,3.290499448776245,-0.8321254253387451
resid_nc_hm_4380000,onto,be,127,0.5,5,0.3952,0.0,1.170,3.5913493633270264,3.2039413452148438,-0.3874080181121826
resid_nc_hm_4380000,onto,be,127,0.5,6,0.2228,0.0,1.018,4.606716632843018,3.7115278244018555,-0.8951888084411621
resid_nc_hm_4380000,onto,be,127,0.5,7,0.1260,0.0,1.210,4.409839630126953,5.214283466339111,0.8044438362121582
resid_nc_hm_4380000,onto,be,127,1.0,0,0.1728,0.0,1.550,4.014235019683838,2.8602256774902344,-1.1540093421936035
resid_nc_hm_4380000,onto,be,127,1.0,1,0.1965,0.0,1.032,5.142242908477783,4.113131046295166,-1.0291118621826172
resid_nc_hm_4380000,onto,be,127,1.0,2,0.1995,0.0,0.879,4.6440043449401855,4.9202117919921875,0.27620744705200195
resid_nc_hm_4380000,onto,be,127,1.0,3,0.0174,0.0,2.207,4.763792514801025,3.751413345336914,-1.0123791694641113
resid_nc_hm_4380000,onto,be,127,1.0,4,0.2305,0.0,0.939,4.12262487411499,3.566946029663086,-0.5556788444519043
resid_nc_hm_4380000,onto,be,127,1.0,5,0.2515,0.0,0.941,3.5913493633270264,2.953179359436035,-0.6381700038909912
resid_nc_hm_4380000,onto,be,127,1.0,6,0.1857,0.0,1.159,4.606716632843018,3.7128477096557617,-0.8938689231872559
resid_nc_hm_4380000,onto,be,127,1.0,7,0.1038,0.0,1.720,4.409839630126953,4.092754364013672,-0.31708526611328125
resid_nc_hm_4380000,dm,be,-1,0.25,0,0.2022,0.0,1.000,4.014235019683838,3.28393816947937,-0.7302968502044678
resid_nc_hm_4380000,dm,be,-1,0.25,1,0.6946,0.0,0.818,5.142242908477783,4.945396900177002,-0.19684600830078125
resid_nc_hm_4380000,dm,be,-1,0.25,2,0.3796,0.0,1.030,4.6440043449401855,4.567990303039551,-0.07601404190063477
resid_nc_hm_4380000,dm,be,-1,0.25,3,0.1509,0.0,1.146,4.763792514801025,3.4230167865753174,-1.340775728225708
resid_nc_hm_4380000,dm,be,-1,0.25,4,0.3103,0.0,1.015,4.12262487411499,3.854517698287964,-0.26810717582702637
resid_nc_hm_4380000,dm,be,-1,0.25,5,0.6924,0.0,1.021,3.5913493633270264,3.6970431804656982,0.10569381713867188
resid_nc_hm_4380000,dm,be,-1,0.25,6,0.5752,0.0,0.957,4.606716632843018,5.154604434967041,0.5478878021240234
resid_nc_hm_4380000,dm,be,-1,0.25,7,0.2653,0.0,1.110,4.409839630126953,4.362340927124023,-0.04749870300292969
resid_nc_hm_4380000,dm,be,-1,0.5,0,0.1733,0.0,0.892,4.014235019683838,4.677181243896484,0.6629462242126465
resid_nc_hm_4380000,dm,be,-1,0.5,1,0.4033,0.0,0.584,5.142242908477783,5.596099853515625,0.4538569450378418
resid_nc_hm_4380000,dm,be,-1,0.5,2,0.3238,0.0,0.924,4.6440043449401855,5.211487293243408,0.5674829483032227
resid_nc_hm_4380000,dm,be,-1,0.5,3,0.0486,0.0,2.195,4.763792514801025,3.3576927185058594,-1.406099796295166
resid_nc_hm_4380000,dm,be,-1,0.5,4,0.3285,0.0,1.010,4.12262487411499,4.414406776428223,0.2917819023132324
resid_nc_hm_4380000,dm,be,-1,0.5,5,0.4633,0.0,0.963,3.5913493633270264,4.367408752441406,0.7760593891143799
resid_nc_hm_4380000,dm,be,-1,0.5,6,0.2423,0.0,1.018,4.606716632843018,4.536534786224365,-0.07018184661865234
resid_nc_hm_4380000,dm,be,-1,0.5,7,0.1338,0.0,1.260,4.409839630126953,5.248426914215088,0.8385872840881348
resid_nc_hm_4380000,dm,be,-1,1.0,0,0.1415,0.0,0.617,4.014235019683838,3.5284085273742676,-0.4858264923095703
resid_nc_hm_4380000,dm,be,-1,1.0,1,0.0744,0.0,0.240,5.142242908477783,4.63897180557251,-0.5032711029052734
resid_nc_hm_4380000,dm,be,-1,1.0,2,0.2797,0.0,1.071,4.6440043449401855,3.655445098876953,-0.9885592460632324
resid_nc_hm_4380000,dm,be,-1,1.0,3,0.0101,0.0,0.768,4.763792514801025,4.94606876373291,0.18227624893188477
resid_nc_hm_4380000,dm,be,-1,1.0,4,0.1846,0.0,0.597,4.12262487411499,4.266661643981934,0.14403676986694336
resid_nc_hm_4380000,dm,be,-1,1.0,5,0.2087,0.0,0.590,3.5913493633270264,4.839119911193848,1.2477705478668213
resid_nc_hm_4380000,dm,be,-1,1.0,6,0.1625,0.0,1.037,4.606716632843018,2.623443365097046,-1.9832732677459717
resid_nc_hm_4380000,dm,be,-1,1.0,7,0.0986,0.0,1.480,4.409839630126953,3.645533323287964,-0.7643063068389893
resid_nc_hm_4380000,probe,be,-1,0.25,0,0.1714,0.0,1.183,4.014235019683838,2.667363405227661,-1.3468716144561768
resid_nc_hm_4380000,probe,be,-1,0.25,1,0.7633,0.0,0.942,5.142242908477783,4.888696193695068,-0.25354671478271484
resid_nc_hm_4380000,probe,be,-1,0.25,2,0.5329,0.0,1.000,4.6440043449401855,4.669370651245117,0.02536630630493164
resid_nc_hm_4380000,probe,be,-1,0.25,3,0.1903,0.0,1.037,4.763792514801025,4.8809309005737305,0.11713838577270508
resid_nc_hm_4380000,probe,be,-1,0.25,4,0.3029,0.0,1.000,4.12262487411499,3.3548481464385986,-0.7677767276763916
resid_nc_hm_4380000,probe,be,-1,0.25,5,0.6509,0.0,0.963,3.5913493633270264,4.120410919189453,0.5290615558624268
resid_nc_hm_4380000,probe,be,-1,0.25,6,0.6522,0.0,0.982,4.606716632843018,4.191844463348389,-0.4148721694946289
resid_nc_hm_4380000,probe,be,-1,0.25,7,0.3135,0.0,1.110,4.409839630126953,4.915647983551025,0.5058083534240723
resid_nc_hm_4380000,probe,be,-1,0.5,0,0.1476,0.0,1.483,4.014235019683838,1.4406346082687378,-2.5736004114151
resid_nc_hm_4380000,probe,be,-1,0.5,1,0.6202,0.0,0.922,5.142242908477783,4.994195461273193,-0.14804744720458984
resid_nc_hm_4380000,probe,be,-1,0.5,2,0.2665,0.0,0.864,4.6440043449401855,5.177964687347412,0.5339603424072266
resid_nc_hm_4380000,probe,be,-1,0.5,3,0.0696,0.0,1.171,4.763792514801025,6.470771789550781,1.7069792747497559
resid_nc_hm_4380000,probe,be,-1,0.5,4,0.3382,0.0,0.893,4.12262487411499,4.6098198890686035,0.4871950149536133
resid_nc_hm_4380000,probe,be,-1,0.5,5,0.5026,0.0,0.952,3.5913493633270264,5.126442909240723,1.5350935459136963
resid_nc_hm_4380000,probe,be,-1,0.5,6,0.3950,0.0,1.061,4.606716632843018,5.652560710906982,1.0458440780639648
resid_nc_hm_4380000,probe,be,-1,0.5,7,0.1308,0.0,1.060,4.409839630126953,5.45668363571167,1.0468440055847168
resid_nc_hm_4380000,probe,be,-1,1.0,0,0.2014,0.0,1.067,4.014235019683838,5.820493221282959,1.806258201599121
resid_nc_hm_4380000,probe,be,-1,1.0,1,0.3455,0.0,0.942,5.142242908477783,5.8292555809021,0.6870126724243164
resid_nc_hm_4380000,probe,be,-1,1.0,2,0.2123,0.0,0.818,4.6440043449401855,4.722956657409668,0.07895231246948242
resid_nc_hm_4380000,probe,be,-1,1.0,3,0.0454,0.0,1.354,4.763792514801025,5.892068386077881,1.1282758712768555
resid_nc_hm_4380000,probe,be,-1,1.0,4,0.2493,0.0,0.816,4.12262487411499,4.968817234039307,0.8461923599243164
resid_nc_hm_4380000,probe,be,-1,1.0,5,0.4123,0.0,0.851,3.5913493633270264,4.680423736572266,1.0890743732452393
resid_nc_hm_4380000,probe,be,-1,1.0,6,0.1683,0.0,0.872,4.606716632843018,5.46674108505249,0.8600244522094727
resid_nc_hm_4380000,probe,be,-1,1.0,7,0.1120,0.0,1.040,4.409839630126953,5.755969524383545,1.3461298942565918
resid_nc_hm_4380000,onto,en,139,0.25,0,0.2102,0.0,1.050,4.014235019683838,4.7977070808410645,0.7834720611572266
resid_nc_hm_4380000,onto,en,139,0.25,1,0.7134,0.0,1.006,5.142242908477783,5.6573662757873535,0.5151233673095703
resid_nc_hm_4380000,onto,en,139,0.25,2,0.1846,0.0,1.106,4.6440043449401855,2.9100182056427,-1.7339861392974854
resid_nc_hm_4380000,onto,en,139,0.25,3,0.2207,0.0,1.024,4.763792514801025,4.614050388336182,-0.14974212646484375
resid_nc_hm_4380000,onto,en,139,0.25,4,0.2946,0.0,0.944,4.12262487411499,3.348629951477051,-0.7739949226379395
resid_nc_hm_4380000,onto,en,139,0.25,5,0.5871,0.0,0.984,3.5913493633270264,3.6038548946380615,0.012505531311035156
resid_nc_hm_4380000,onto,en,139,0.25,6,0.4133,0.0,0.939,4.606716632843018,5.2472991943359375,0.6405825614929199
resid_nc_hm_4380000,onto,en,139,0.25,7,0.2602,0.0,0.990,4.409839630126953,4.06571626663208,-0.34412336349487305
resid_nc_hm_4380000,onto,en,139,0.5,0,0.1643,0.0,1.283,4.014235019683838,2.424010753631592,-1.590224266052246
resid_nc_hm_4380000,onto,en,139,0.5,1,0.4461,0.0,0.727,5.142242908477783,5.487344264984131,0.34510135650634766
resid_nc_hm_4380000,onto,en,139,0.5,2,0.2518,0.0,1.086,4.6440043449401855,3.068140745162964,-1.5758635997772217
resid_nc_hm_4380000,onto,en,139,0.5,3,0.0702,0.0,1.610,4.763792514801025,3.3627922534942627,-1.4010002613067627
resid_nc_hm_4380000,onto,en,139,0.5,4,0.2741,0.0,1.168,4.12262487411499,2.996236801147461,-1.1263880729675293
resid_nc_hm_4380000,onto,en,139,0.5,5,0.4267,0.0,0.878,3.5913493633270264,3.823138952255249,0.23178958892822266
resid_nc_hm_4380000,onto,en,139,0.5,6,0.2205,0.0,0.774,4.606716632843018,4.360433578491211,-0.24628305435180664
resid_nc_hm_4380000,onto,en,139,0.5,7,0.0999,0.0,1.040,4.409839630126953,4.430629253387451,0.020789623260498047
resid_nc_hm_4380000,onto,en,139,1.0,0,0.1115,0.0,0.775,4.014235019683838,2.99267315864563,-1.021561861038208
resid_nc_hm_4380000,onto,en,139,1.0,1,0.1292,0.0,0.721,5.142242908477783,3.6832377910614014,-1.4590051174163818
resid_nc_hm_4380000,onto,en,139,1.0,2,0.1731,0.0,1.030,4.6440043449401855,3.1286399364471436,-1.515364408493042
resid_nc_hm_4380000,onto,en,139,1.0,3,0.0103,0.0,1.939,4.763792514801025,3.250175714492798,-1.5136168003082275
resid_nc_hm_4380000,onto,en,139,1.0,4,0.1708,0.0,0.827,4.12262487411499,2.9372167587280273,-1.185408115386963
resid_nc_hm_4380000,onto,en,139,1.0,5,0.1088,0.0,0.617,3.5913493633270264,2.991201639175415,-0.6001477241516113
resid_nc_hm_4380000,onto,en,139,1.0,6,0.1684,0.0,1.122,4.606716632843018,3.1000053882598877,-1.5067112445831299
resid_nc_hm_4380000,onto,en,139,1.0,7,0.0708,0.0,1.970,4.409839630126953,2.5382280349731445,-1.8716115951538086
resid_nc_hm_4380000,dm,en,-1,0.25,0,0.1478,0.0,1.825,4.014235019683838,2.7954914569854736,-1.2187435626983643
resid_nc_hm_4380000,dm,en,-1,0.25,1,0.4546,0.0,1.104,5.142242908477783,5.259832382202148,0.11758947372436523
resid_nc_hm_4380000,dm,en,-1,0.25,2,0.2670,0.0,0.970,4.6440043449401855,3.7371795177459717,-0.9068248271942139
resid_nc_hm_4380000,dm,en,-1,0.25,3,0.2471,0.0,1.085,4.763792514801025,4.99808931350708,0.2342967987060547
resid_nc_hm_4380000,dm,en,-1,0.25,4,0.2770,0.0,0.990,4.12262487411499,4.1383137702941895,0.01568889617919922
resid_nc_hm_4380000,dm,en,-1,0.25,5,0.5036,0.0,1.059,3.5913493633270264,4.1992878913879395,0.6079385280609131
resid_nc_hm_4380000,dm,en,-1,0.25,6,0.3897,0.0,1.104,4.606716632843018,4.788719654083252,0.18200302124023438
resid_nc_hm_4380000,dm,en,-1,0.25,7,0.2069,0.0,1.540,4.409839630126953,4.715829372406006,0.30598974227905273
resid_nc_hm_4380000,dm,en,-1,0.5,0,0.1469,0.0,1.342,4.014235019683838,3.072903633117676,-0.9413313865661621
resid_nc_hm_4380000,dm,en,-1,0.5,1,0.3144,0.0,1.253,5.142242908477783,3.7517807483673096,-1.3904621601104736
resid_nc_hm_4380000,dm,en,-1,0.5,2,0.2690,0.0,1.131,4.6440043449401855,3.909881591796875,-0.7341227531433105
resid_nc_hm_4380000,dm,en,-1,0.5,3,0.0122,0.0,2.134,4.763792514801025,2.624683141708374,-2.1391093730926514
resid_nc_hm_4380000,dm,en,-1,0.5,4,0.2795,0.0,1.031,4.12262487411499,3.077651262283325,-1.044973611831665
resid_nc_hm_4380000,dm,en,-1,0.5,5,0.3887,0.0,1.112,3.5913493633270264,4.130622863769531,0.5392735004425049
resid_nc_hm_4380000,dm,en,-1,0.5,6,0.3496,0.0,0.988,4.606716632843018,4.1860671043396,-0.42064952850341797
resid_nc_hm_4380000,dm,en,-1,0.5,7,0.0712,0.0,1.790,4.409839630126953,4.203314781188965,-0.20652484893798828
resid_nc_hm_4380000,dm,en,-1,1.0,0,0.1515,0.0,1.550,4.014235019683838,3.2794880867004395,-0.7347469329833984
resid_nc_hm_4380000,dm,en,-1,1.0,1,0.1600,0.0,1.214,5.142242908477783,2.5784130096435547,-2.5638298988342285
resid_nc_hm_4380000,dm,en,-1,1.0,2,0.2586,0.0,1.162,4.6440043449401855,3.3019721508026123,-1.3420321941375732
resid_nc_hm_4380000,dm,en,-1,1.0,3,0.0098,0.0,2.280,4.763792514801025,2.809925079345703,-1.9538674354553223
resid_nc_hm_4380000,dm,en,-1,1.0,4,0.2602,0.0,1.071,4.12262487411499,2.9204957485198975,-1.2021291255950928
resid_nc_hm_4380000,dm,en,-1,1.0,5,0.1824,0.0,1.011,3.5913493633270264,3.6323840618133545,0.041034698486328125
resid_nc_hm_4380000,dm,en,-1,1.0,6,0.1784,0.0,1.268,4.606716632843018,3.290494918823242,-1.3162217140197754
resid_nc_hm_4380000,dm,en,-1,1.0,7,0.0781,0.0,2.010,4.409839630126953,2.9307758808135986,-1.4790637493133545
resid_nc_hm_4380000,probe,en,-1,0.25,0,0.1941,0.0,1.067,4.014235019683838,5.719335079193115,1.7051000595092773
resid_nc_hm_4380000,probe,en,-1,0.25,1,0.6257,0.0,0.896,5.142242908477783,5.6929473876953125,0.5507044792175293
resid_nc_hm_4380000,probe,en,-1,0.25,2,0.3656,0.0,0.909,4.6440043449401855,5.629156589508057,0.9851522445678711
resid_nc_hm_4380000,probe,en,-1,0.25,3,0.2064,0.0,1.000,4.763792514801025,4.40020751953125,-0.3635849952697754
resid_nc_hm_4380000,probe,en,-1,0.25,4,0.3012,0.0,0.959,4.12262487411499,3.4828126430511475,-0.6398122310638428
resid_nc_hm_4380000,probe,en,-1,0.25,5,0.6349,0.0,1.000,3.5913493633270264,5.172618389129639,1.5812690258026123
resid_nc_hm_4380000,probe,en,-1,0.25,6,0.3493,0.0,0.902,4.606716632843018,6.47918176651001,1.8724651336669922
resid_nc_hm_4380000,probe,en,-1,0.25,7,0.1967,0.0,1.200,4.409839630126953,5.86305046081543,1.4532108306884766
resid_nc_hm_4380000,probe,en,-1,0.5,0,0.1785,0.0,1.800,4.014235019683838,3.5497875213623047,-0.4644474983215332
resid_nc_hm_4380000,probe,en,-1,0.5,1,0.3755,0.0,0.929,5.142242908477783,5.859464645385742,0.717221736907959
resid_nc_hm_4380000,probe,en,-1,0.5,2,0.3233,0.0,0.869,4.6440043449401855,5.2689056396484375,0.624901294708252
resid_nc_hm_4380000,probe,en,-1,0.5,3,0.1660,0.0,1.073,4.763792514801025,5.00252628326416,0.23873376846313477
resid_nc_hm_4380000,probe,en,-1,0.5,4,0.3053,0.0,1.041,4.12262487411499,4.872705459594727,0.7500805854797363
resid_nc_hm_4380000,probe,en,-1,0.5,5,0.4318,0.0,0.941,3.5913493633270264,5.135457992553711,1.5441086292266846
resid_nc_hm_4380000,probe,en,-1,0.5,6,0.3141,0.0,0.982,4.606716632843018,5.970612049102783,1.3638954162597656
resid_nc_hm_4380000,probe,en,-1,0.5,7,0.1321,0.0,1.350,4.409839630126953,5.256898880004883,0.8470592498779297
resid_nc_hm_4380000,probe,en,-1,1.0,0,0.1689,0.0,1.867,4.014235019683838,3.531141519546509,-0.4830935001373291
resid_nc_hm_4380000,probe,en,-1,1.0,1,0.1932,0.0,1.026,5.142242908477783,4.003927230834961,-1.1383156776428223
resid_nc_hm_4380000,probe,en,-1,1.0,2,0.1896,0.0,1.096,4.6440043449401855,3.2149200439453125,-1.429084300994873
resid_nc_hm_4380000,probe,en,-1,1.0,3,0.0185,0.0,2.012,4.763792514801025,3.405350923538208,-1.3584415912628174
resid_nc_hm_4380000,probe,en,-1,1.0,4,0.2210,0.0,1.046,4.12262487411499,4.397691249847412,0.2750663757324219
resid_nc_hm_4380000,probe,en,-1,1.0,5,0.3068,0.0,1.053,3.5913493633270264,3.493767499923706,-0.09758186340332031
resid_nc_hm_4380000,probe,en,-1,1.0,6,0.1511,0.0,1.091,4.606716632843018,3.3353774547576904,-1.2713391780853271
resid_nc_hm_4380000,probe,en,-1,1.0,7,0.0727,0.0,2.000,4.409839630126953,3.2207775115966797,-1.1890621185302734
resid_nc_hm_4380000,onto,bg-Latn,447,0.25,0,0.1549,0.0,1.000,4.014235019683838,5.851235866546631,1.837000846862793
resid_nc_hm_4380000,onto,bg-Latn,447,0.25,1,0.5048,0.0,0.987,5.142242908477783,5.44907283782959,0.30682992935180664
resid_nc_hm_4380000,onto,bg-Latn,447,0.25,2,0.3102,0.0,0.823,4.6440043449401855,4.562304973602295,-0.08169937133789062
resid_nc_hm_4380000,onto,bg-Latn,447,0.25,3,0.2053,0.0,1.061,4.763792514801025,5.0675201416015625,0.3037276268005371
resid_nc_hm_4380000,onto,bg-Latn,447,0.25,4,0.3805,0.0,0.923,4.12262487411499,3.6352500915527344,-0.48737478256225586
resid_nc_hm_4380000,onto,bg-Latn,447,0.25,5,0.5100,0.0,0.872,3.5913493633270264,3.6775381565093994,0.08618879318237305
resid_nc_hm_4380000,onto,bg-Latn,447,0.25,6,0.5852,0.0,1.012,4.606716632843018,4.626103401184082,0.019386768341064453
resid_nc_hm_4380000,onto,bg-Latn,447,0.25,7,0.2187,0.0,1.060,4.409839630126953,5.741142272949219,1.3313026428222656
resid_nc_hm_4380000,onto,bg-Latn,447,0.5,0,0.2678,0.0,1.108,4.014235019683838,4.501771926879883,0.4875369071960449
resid_nc_hm_4380000,onto,bg-Latn,447,0.5,1,0.3570,0.0,0.883,5.142242908477783,5.071999549865723,-0.07024335861206055
resid_nc_hm_4380000,onto,bg-Latn,447,0.5,2,0.2212,0.0,0.692,4.6440043449401855,5.915075778961182,1.271071434020996
resid_nc_hm_4380000,onto,bg-Latn,447,0.5,3,0.1876,0.0,1.024,4.763792514801025,5.183413028717041,0.4196205139160156
resid_nc_hm_4380000,onto,bg-Latn,447,0.5,4,0.1968,0.0,0.796,4.12262487411499,3.2029402256011963,-0.919684648513794
resid_nc_hm_4380000,onto,bg-Latn,447,0.5,5,0.3233,0.0,0.718,3.5913493633270264,4.209461688995361,0.618112325668335
resid_nc_hm_4380000,onto,bg-Latn,447,0.5,6,0.2158,0.0,0.835,4.606716632843018,6.081183910369873,1.4744672775268555
resid_nc_hm_4380000,onto,bg-Latn,447,0.5,7,0.1547,0.0,1.040,4.409839630126953,5.928544521331787,1.518704891204834
resid_nc_hm_4380000,onto,bg-Latn,447,1.0,0,0.1052,0.0,0.775,4.014235019683838,4.385912895202637,0.37167787551879883
resid_nc_hm_4380000,onto,bg-Latn,447,1.0,1,0.0959,0.0,0.279,5.142242908477783,5.267975330352783,0.125732421875
resid_nc_hm_4380000,onto,bg-Latn,447,1.0,2,0.1503,0.0,0.591,4.6440043449401855,5.609211444854736,0.9652070999145508
resid_nc_hm_4380000,onto,bg-Latn,447,1.0,3,0.0790,0.0,1.549,4.763792514801025,3.993253707885742,-0.7705388069152832
resid_nc_hm_4380000,onto,bg-Latn,447,1.0,4,0.1047,0.0,1.010,4.12262487411499,1.3815158605575562,-2.741109013557434
resid_nc_hm_4380000,onto,bg-Latn,447,1.0,5,0.1492,0.0,0.447,3.5913493633270264,3.8564438819885254,0.265094518661499
resid_nc_hm_4380000,onto,bg-Latn,447,1.0,6,0.0979,0.0,0.573,4.606716632843018,3.3389954566955566,-1.267721176147461
resid_nc_hm_4380000,onto,bg-Latn,447,1.0,7,0.1162,0.0,1.440,4.409839630126953,4.725423812866211,0.3155841827392578
resid_nc_hm_4380000,dm,bg-Latn,-1,0.25,0,0.1566,0.0,0.733,4.014235019683838,3.7260866165161133,-0.2881484031677246
resid_nc_hm_4380000,dm,bg-Latn,-1,0.25,1,0.4616,0.0,0.935,5.142242908477783,5.009471416473389,-0.13277149200439453
resid_nc_hm_4380000,dm,bg-Latn,-1,0.25,2,0.4410,0.0,0.904,4.6440043449401855,5.289434909820557,0.6454305648803711
resid_nc_hm_4380000,dm,bg-Latn,-1,0.25,3,0.2219,0.0,1.012,4.763792514801025,5.560480117797852,0.7966876029968262
resid_nc_hm_4380000,dm,bg-Latn,-1,0.25,4,0.3480,0.0,0.852,4.12262487411499,4.309215068817139,0.18659019470214844
resid_nc_hm_4380000,dm,bg-Latn,-1,0.25,5,0.6303,0.0,0.856,3.5913493633270264,4.45093297958374,0.8595836162567139
resid_nc_hm_4380000,dm,bg-Latn,-1,0.25,6,0.3416,0.0,0.835,4.606716632843018,6.724547863006592,2.117831230163574
resid_nc_hm_4380000,dm,bg-Latn,-1,0.25,7,0.2074,0.0,1.110,4.409839630126953,5.932292938232422,1.5224533081054688
resid_nc_hm_4380000,dm,bg-Latn,-1,0.5,0,0.1402,0.0,0.908,4.014235019683838,3.534982204437256,-0.47925281524658203
resid_nc_hm_4380000,dm,bg-Latn,-1,0.5,1,0.3667,0.0,0.883,5.142242908477783,4.913804054260254,-0.2284388542175293
resid_nc_hm_4380000,dm,bg-Latn,-1,0.5,2,0.3995,0.0,0.843,4.6440043449401855,4.799198627471924,0.15519428253173828
resid_nc_hm_4380000,dm,bg-Latn,-1,0.5,3,0.1684,0.0,1.061,4.763792514801025,3.7253572940826416,-1.0384352207183838
resid_nc_hm_4380000,dm,bg-Latn,-1,0.5,4,0.3663,0.0,0.816,4.12262487411499,3.3647735118865967,-0.7578513622283936
resid_nc_hm_4380000,dm,bg-Latn,-1,0.5,5,0.3778,0.0,0.835,3.5913493633270264,4.19951057434082,0.608161211013794
resid_nc_hm_4380000,dm,bg-Latn,-1,0.5,6,0.1793,0.0,0.659,4.606716632843018,6.776218414306641,2.169501781463623
resid_nc_hm_4380000,dm,bg-Latn,-1,0.5,7,0.1717,0.0,0.970,4.409839630126953,6.366214752197266,1.9563751220703125
resid_nc_hm_4380000,dm,bg-Latn,-1,1.0,0,0.0895,0.0,0.417,4.014235019683838,4.383905410766602,0.36967039108276367
resid_nc_hm_4380000,dm,bg-Latn,-1,1.0,1,0.1458,0.0,0.253,5.142242908477783,5.1486897468566895,0.00644683837890625
resid_nc_hm_4380000,dm,bg-Latn,-1,1.0,2,0.0256,0.0,0.399,4.6440043449401855,4.456639289855957,-0.18736505508422852
resid_nc_hm_4380000,dm,bg-Latn,-1,1.0,3,0.0914,0.0,1.256,4.763792514801025,1.774605631828308,-2.9891868829727173
resid_nc_hm_4380000,dm,bg-Latn,-1,1.0,4,0.2152,0.0,0.653,4.12262487411499,3.9105825424194336,-0.21204233169555664
resid_nc_hm_4380000,dm,bg-Latn,-1,1.0,5,0.2559,0.0,0.574,3.5913493633270264,4.174739837646484,0.583390474319458
resid_nc_hm_4380000,dm,bg-Latn,-1,1.0,6,0.1201,0.0,0.378,4.606716632843018,5.433995246887207,0.8272786140441895
resid_nc_hm_4380000,dm,bg-Latn,-1,1.0,7,0.0569,0.0,0.300,4.409839630126953,4.713151931762695,0.3033123016357422
resid_nc_hm_4380000,probe,bg-Latn,-1,0.25,0,0.1657,0.0,1.167,4.014235019683838,2.800877332687378,-1.21335768699646
resid_nc_hm_4380000,probe,bg-Latn,-1,0.25,1,0.8018,0.0,0.968,5.142242908477783,4.878262996673584,-0.2639799118041992
resid_nc_hm_4380000,probe,bg-Latn,-1,0.25,2,0.2717,0.0,0.788,4.6440043449401855,4.089451313018799,-0.5545530319213867
resid_nc_hm_4380000,probe,bg-Latn,-1,0.25,3,0.2464,0.0,0.939,4.763792514801025,4.803991794586182,0.04019927978515625
resid_nc_hm_4380000,probe,bg-Latn,-1,0.25,4,0.4182,0.0,0.883,4.12262487411499,3.7405917644500732,-0.382033109664917
resid_nc_hm_4380000,probe,bg-Latn,-1,0.25,5,0.8257,0.0,1.000,3.5913493633270264,4.019790172576904,0.42844080924987793
resid_nc_hm_4380000,probe,bg-Latn,-1,0.25,6,0.4746,0.0,0.951,4.606716632843018,4.420773029327393,-0.185943603515625
resid_nc_hm_4380000,probe,bg-Latn,-1,0.25,7,0.2933,0.0,1.240,4.409839630126953,3.8564765453338623,-0.5533630847930908
resid_nc_hm_4380000,probe,bg-Latn,-1,0.5,0,0.1668,0.0,1.858,4.014235019683838,2.731552839279175,-1.282682180404663
resid_nc_hm_4380000,probe,bg-Latn,-1,0.5,1,0.5334,0.0,0.825,5.142242908477783,4.856712341308594,-0.28553056716918945
resid_nc_hm_4380000,probe,bg-Latn,-1,0.5,2,0.3052,0.0,1.035,4.6440043449401855,3.406731605529785,-1.2372727394104004
resid_nc_hm_4380000,probe,bg-Latn,-1,0.5,3,0.0543,0.0,0.598,4.763792514801025,2.0169565677642822,-2.746835947036743
resid_nc_hm_4380000,probe,bg-Latn,-1,0.5,4,0.2797,0.0,0.939,4.12262487411499,3.3810997009277344,-0.7415251731872559
resid_nc_hm_4380000,probe,bg-Latn,-1,0.5,5,0.5884,0.0,1.059,3.5913493633270264,3.80708384513855,0.21573448181152344
resid_nc_hm_4380000,probe,bg-Latn,-1,0.5,6,0.4599,0.0,0.878,4.606716632843018,3.8442230224609375,-0.7624936103820801
resid_nc_hm_4380000,probe,bg-Latn,-1,0.5,7,0.2333,0.0,1.290,4.409839630126953,4.079090595245361,-0.3307490348815918
resid_nc_hm_4380000,probe,bg-Latn,-1,1.0,0,0.1472,0.0,1.200,4.014235019683838,2.9679806232452393,-1.0462543964385986
resid_nc_hm_4380000,probe,bg-Latn,-1,1.0,1,0.0925,0.0,0.435,5.142242908477783,3.247619152069092,-1.8946237564086914
resid_nc_hm_4380000,probe,bg-Latn,-1,1.0,2,0.2539,0.0,1.035,4.6440043449401855,3.106889009475708,-1.5371153354644775
resid_nc_hm_4380000,probe,bg-Latn,-1,1.0,3,0.0260,0.0,2.537,4.763792514801025,2.593242883682251,-2.1705496311187744
resid_nc_hm_4380000,probe,bg-Latn,-1,1.0,4,0.2344,0.0,0.980,4.12262487411499,2.7309749126434326,-1.3916499614715576
resid_nc_hm_4380000,probe,bg-Latn,-1,1.0,5,0.4435,0.0,1.043,3.5913493633270264,3.3403756618499756,-0.2509737014770508
resid_nc_hm_4380000,probe,bg-Latn,-1,1.0,6,0.3074,0.0,1.043,4.606716632843018,2.663590669631958,-1.9431259632110596
resid_nc_hm_4380000,probe,bg-Latn,-1,1.0,7,0.0547,0.0,2.540,4.409839630126953,2.3909597396850586,-2.0188798904418945
resid_nc_hm_4380000,onto,bn,503,0.25,0,0.2437,0.0,1.475,4.014235019683838,2.8560638427734375,-1.1581711769104004
resid_nc_hm_4380000,onto,bn,503,0.25,1,0.6756,0.0,1.013,5.142242908477783,4.774120807647705,-0.3681221008300781
resid_nc_hm_4380000,onto,bn,503,0.25,2,0.3686,0.0,0.980,4.6440043449401855,4.615105152130127,-0.028899192810058594
resid_nc_hm_4380000,onto,bn,503,0.25,3,0.0342,0.0,1.280,4.763792514801025,4.470434665679932,-0.29335784912109375
resid_nc_hm_4380000,onto,bn,503,0.25,4,0.3452,0.0,0.867,4.12262487411499,4.459615707397461,0.3369908332824707
resid_nc_hm_4380000,onto,bn,503,0.25,5,0.5256,0.0,1.016,3.5913493633270264,3.6247119903564453,0.033362627029418945
resid_nc_hm_4380000,onto,bn,503,0.25,6,0.3175,0.0,0.933,4.606716632843018,5.140940189361572,0.5342235565185547
resid_nc_hm_4380000,onto,bn,503,0.25,7,0.1318,0.0,1.170,4.409839630126953,3.756054162979126,-0.6537854671478271
resid_nc_hm_4380000,onto,bn,503,0.5,0,0.1130,0.0,0.800,4.014235019683838,2.9320123195648193,-1.0822227001190186
resid_nc_hm_4380000,onto,bn,503,0.5,1,0.1943,0.0,0.656,5.142242908477783,4.881519794464111,-0.2607231140136719
resid_nc_hm_4380000,onto,bn,503,0.5,2,0.2314,0.0,1.020,4.6440043449401855,3.8538455963134766,-0.790158748626709
resid_nc_hm_4380000,onto,bn,503,0.5,3,0.0325,0.0,1.585,4.763792514801025,4.100350856781006,-0.6634416580200195
resid_nc_hm_4380000,onto,bn,503,0.5,4,0.3300,0.0,0.995,4.12262487411499,3.47119402885437,-0.6514308452606201
resid_nc_hm_4380000,onto,bn,503,0.5,5,0.4375,0.0,1.032,3.5913493633270264,3.65287709236145,0.06152772903442383
resid_nc_hm_4380000,onto,bn,503,0.5,6,0.2287,0.0,0.915,4.606716632843018,4.6880059242248535,0.08128929138183594
resid_nc_hm_4380000,onto,bn,503,0.5,7,0.0950,0.0,1.180,4.409839630126953,3.9425652027130127,-0.46727442741394043
resid_nc_hm_4380000,onto,bn,503,1.0,0,0.1809,0.0,1.642,4.014235019683838,3.292231559753418,-0.7220034599304199
resid_nc_hm_4380000,onto,bn,503,1.0,1,0.1455,0.0,0.890,5.142242908477783,3.2943274974823,-1.8479154109954834
resid_nc_hm_4380000,onto,bn,503,1.0,2,0.1749,0.0,0.869,4.6440043449401855,3.2529003620147705,-1.391103982925415
resid_nc_hm_4380000,onto,bn,503,1.0,3,0.0133,0.0,2.390,4.763792514801025,2.904947280883789,-1.8588452339172363
resid_nc_hm_4380000,onto,bn,503,1.0,4,0.2114,0.0,1.071,4.12262487411499,3.0163471698760986,-1.1062777042388916
resid_nc_hm_4380000,onto,bn,503,1.0,5,0.1525,0.0,0.851,3.5913493633270264,3.5526981353759766,-0.038651227951049805
resid_nc_hm_4380000,onto,bn,503,1.0,6,0.1976,0.0,0.951,4.606716632843018,4.244391918182373,-0.36232471466064453
resid_nc_hm_4380000,onto,bn,503,1.0,7,0.0726,0.0,1.240,4.409839630126953,3.691145658493042,-0.7186939716339111
resid_nc_hm_4380000,dm,bn,-1,0.25,0,0.2016,0.0,1.483,4.014235019683838,2.662641763687134,-1.351593255996704
resid_nc_hm_4380000,dm,bn,-1,0.25,1,0.7411,0.0,1.032,5.142242908477783,4.82296085357666,-0.31928205490112305
resid_nc_hm_4380000,dm,bn,-1,0.25,2,0.3179,0.0,1.106,4.6440043449401855,3.8530330657958984,-0.7909712791442871
resid_nc_hm_4380000,dm,bn,-1,0.25,3,0.2111,0.0,1.085,4.763792514801025,4.60511589050293,-0.1586766242980957
resid_nc_hm_4380000,dm,bn,-1,0.25,4,0.2913,0.0,1.020,4.12262487411499,3.4838123321533203,-0.6388125419616699
resid_nc_hm_4380000,dm,bn,-1,0.25,5,0.6024,0.0,1.106,3.5913493633270264,4.032721042633057,0.4413716793060303
resid_nc_hm_4380000,dm,bn,-1,0.25,6,0.5310,0.0,1.085,4.606716632843018,4.015920162200928,-0.5907964706420898
resid_nc_hm_4380000,dm,bn,-1,0.25,7,0.1757,0.0,1.450,4.409839630126953,4.0250678062438965,-0.38477182388305664
resid_nc_hm_4380000,dm,bn,-1,0.5,0,0.1725,0.0,1.667,4.014235019683838,3.2616069316864014,-0.7526280879974365
resid_nc_hm_4380000,dm,bn,-1,0.5,1,0.3644,0.0,0.961,5.142242908477783,4.768362522125244,-0.37388038635253906
resid_nc_hm_4380000,dm,bn,-1,0.5,2,0.2640,0.0,1.035,4.6440043449401855,3.4829273223876953,-1.1610770225524902
resid_nc_hm_4380000,dm,bn,-1,0.5,3,0.0154,0.0,2.341,4.763792514801025,3.2297494411468506,-1.5340430736541748
resid_nc_hm_4380000,dm,bn,-1,0.5,4,0.2723,0.0,1.133,4.12262487411499,4.1633620262146,0.040737152099609375
resid_nc_hm_4380000,dm,bn,-1,0.5,5,0.2559,0.0,1.011,3.5913493633270264,3.4272384643554688,-0.16411089897155762
resid_nc_hm_4380000,dm,bn,-1,0.5,6,0.1971,0.0,1.366,4.606716632843018,3.0211963653564453,-1.5855202674865723
resid_nc_hm_4380000,dm,bn,-1,0.5,7,0.0932,0.0,1.780,4.409839630126953,3.191187858581543,-1.2186517715454102
resid_nc_hm_4380000,dm,bn,-1,1.0,0,0.2020,0.0,1.808,4.014235019683838,3.8367347717285156,-0.17750024795532227
resid_nc_hm_4380000,dm,bn,-1,1.0,1,0.1747,0.0,0.857,5.142242908477783,4.49415922164917,-0.6480836868286133
resid_nc_hm_4380000,dm,bn,-1,1.0,2,0.2444,0.0,1.227,4.6440043449401855,3.0677731037139893,-1.5762312412261963
resid_nc_hm_4380000,dm,bn,-1,1.0,3,0.0197,0.0,2.244,4.763792514801025,3.0294158458709717,-1.7343766689300537
resid_nc_hm_4380000,dm,bn,-1,1.0,4,0.2565,0.0,1.158,4.12262487411499,2.9600727558135986,-1.1625521183013916
resid_nc_hm_4380000,dm,bn,-1,1.0,5,0.1716,0.0,1.037,3.5913493633270264,2.6510238647460938,-0.9403254985809326
resid_nc_hm_4380000,dm,bn,-1,1.0,6,0.1600,0.0,1.323,4.606716632843018,3.677314043045044,-0.9294025897979736
resid_nc_hm_4380000,dm,bn,-1,1.0,7,0.0738,0.0,2.110,4.409839630126953,3.696990966796875,-0.7128486633300781
resid_nc_hm_4380000,probe,bn,-1,0.25,0,0.1897,0.0,1.392,4.014235019683838,3.0027904510498047,-1.0114445686340332
resid_nc_hm_4380000,probe,bn,-1,0.25,1,0.5907,0.0,0.721,5.142242908477783,4.976131916046143,-0.16611099243164062
resid_nc_hm_4380000,probe,bn,-1,0.25,2,0.2646,0.0,0.854,4.6440043449401855,4.393247127532959,-0.25075721740722656
resid_nc_hm_4380000,probe,bn,-1,0.25,3,0.2385,0.0,1.037,4.763792514801025,4.857987880706787,0.09419536590576172
resid_nc_hm_4380000,probe,bn,-1,0.25,4,0.4839,0.0,1.046,4.12262487411499,3.857931137084961,-0.2646937370300293
resid_nc_hm_4380000,probe,bn,-1,0.25,5,0.4040,0.0,1.048,3.5913493633270264,3.5802738666534424,-0.011075496673583984
resid_nc_hm_4380000,probe,bn,-1,0.25,6,0.4347,0.0,0.927,4.606716632843018,4.605343818664551,-0.0013728141784667969
resid_nc_hm_4380000,probe,bn,-1,0.25,7,0.1700,0.0,0.870,4.409839630126953,3.679201364517212,-0.7306382656097412
resid_nc_hm_4380000,probe,bn,-1,0.5,0,0.1147,0.0,0.833,4.014235019683838,2.5627901554107666,-1.4514448642730713
resid_nc_hm_4380000,probe,bn,-1,0.5,1,0.4741,0.0,0.922,5.142242908477783,4.534569263458252,-0.6076736450195312
resid_nc_hm_4380000,probe,bn,-1,0.5,2,0.2508,0.0,1.076,4.6440043449401855,3.5384304523468018,-1.1055738925933838
resid_nc_hm_4380000,probe,bn,-1,0.5,3,0.0181,0.0,2.085,4.763792514801025,2.4693896770477295,-2.294402837753296
resid_nc_hm_4380000,probe,bn,-1,0.5,4,0.3274,0.0,0.934,4.12262487411499,3.616426944732666,-0.5061979293823242
resid_nc_hm_4380000,probe,bn,-1,0.5,5,0.4662,0.0,1.037,3.5913493633270264,3.1108510494232178,-0.4804983139038086
resid_nc_hm_4380000,probe,bn,-1,0.5,6,0.2857,0.0,1.043,4.606716632843018,3.8485944271087646,-0.7581222057342529
resid_nc_hm_4380000,probe,bn,-1,0.5,7,0.1121,0.0,0.780,4.409839630126953,2.8336877822875977,-1.5761518478393555
resid_nc_hm_4380000,probe,bn,-1,1.0,0,0.1444,0.0,1.108,4.014235019683838,2.2870752811431885,-1.7271597385406494
resid_nc_hm_4380000,probe,bn,-1,1.0,1,0.1322,0.0,0.377,5.142242908477783,5.18679666519165,0.04455375671386719
resid_nc_hm_4380000,probe,bn,-1,1.0,2,0.1808,0.0,1.010,4.6440043449401855,3.265228271484375,-1.3787760734558105
resid_nc_hm_4380000,probe,bn,-1,1.0,3,0.0193,0.0,1.671,4.763792514801025,3.0534920692443848,-1.7103004455566406
resid_nc_hm_4380000,probe,bn,-1,1.0,4,0.2980,0.0,1.041,4.12262487411499,3.414318084716797,-0.7083067893981934
resid_nc_hm_4380000,probe,bn,-1,1.0,5,0.3468,0.0,0.803,3.5913493633270264,3.2405154705047607,-0.3508338928222656
resid_nc_hm_4380000,probe,bn,-1,1.0,6,0.1927,0.0,1.171,4.606716632843018,3.4613044261932373,-1.1454122066497803
resid_nc_hm_4380000,probe,bn,-1,1.0,7,0.0707,0.0,2.200,4.409839630126953,2.8035576343536377,-1.6062819957733154
resid_nc_hm_4380000,onto,ca,118,0.25,0,0.1870,0.0,1.200,4.014235019683838,5.504734992980957,1.4904999732971191
resid_nc_hm_4380000,onto,ca,118,0.25,1,0.7254,0.0,0.896,5.142242908477783,5.670525550842285,0.528282642364502
resid_nc_hm_4380000,onto,ca,118,0.25,2,0.2931,0.0,0.980,4.6440043449401855,3.32677960395813,-1.3172247409820557
resid_nc_hm_4380000,onto,ca,118,0.25,3,0.2271,0.0,1.037,4.763792514801025,4.7022504806518555,-0.06154203414916992
resid_nc_hm_4380000,onto,ca,118,0.25,4,0.3475,0.0,0.934,4.12262487411499,3.544795036315918,-0.5778298377990723
resid_nc_hm_4380000,onto,ca,118,0.25,5,0.6091,0.0,1.059,3.5913493633270264,4.398395538330078,0.8070461750030518
resid_nc_hm_4380000,onto,ca,118,0.25,6,0.3170,0.0,0.970,4.606716632843018,4.268877029418945,-0.33783960342407227
resid_nc_hm_4380000,onto,ca,118,0.25,7,0.1082,0.0,1.520,4.409839630126953,4.461349010467529,0.05150938034057617
resid_nc_hm_4380000,onto,ca,118,0.5,0,0.1293,0.0,1.133,4.014235019683838,2.9810173511505127,-1.0332176685333252
resid_nc_hm_4380000,onto,ca,118,0.5,1,0.5573,0.0,0.838,5.142242908477783,5.101498126983643,-0.040744781494140625
resid_nc_hm_4380000,onto,ca,118,0.5,2,0.3092,0.0,1.045,4.6440043449401855,3.643342971801758,-1.0006613731384277
resid_nc_hm_4380000,onto,ca,118,0.5,3,0.0677,0.0,1.305,4.763792514801025,1.3637446165084839,-3.4000478982925415
resid_nc_hm_4380000,onto,ca,118,0.5,4,0.2958,0.0,0.974,4.12262487411499,3.695256233215332,-0.4273686408996582
resid_nc_hm_4380000,onto,ca,118,0.5,5,0.4815,0.0,1.053,3.5913493633270264,3.8413918018341064,0.2500424385070801
resid_nc_hm_4380000,onto,ca,118,0.5,6,0.2839,0.0,1.061,4.606716632843018,4.188783168792725,-0.41793346405029297
resid_nc_hm_4380000,onto,ca,118,0.5,7,0.0864,0.0,1.900,4.409839630126953,4.425337791442871,0.015498161315917969
resid_nc_hm_4380000,onto,ca,118,1.0,0,0.1539,0.0,1.333,4.014235019683838,2.7012150287628174,-1.3130199909210205
resid_nc_hm_4380000,onto,ca,118,1.0,1,0.1962,0.0,0.909,5.142242908477783,2.6801347732543945,-2.4621081352233887
resid_nc_hm_4380000,onto,ca,118,1.0,2,0.2555,0.0,1.268,4.6440043449401855,2.8091306686401367,-1.8348736763000488
resid_nc_hm_4380000,onto,ca,118,1.0,3,0.0037,0.0,2.598,4.763792514801025,2.610924482345581,-2.1528680324554443
resid_nc_hm_4380000,onto,ca,118,1.0,4,0.3024,0.0,1.051,4.12262487411499,3.289843797683716,-0.8327810764312744
resid_nc_hm_4380000,onto,ca,118,1.0,5,0.2219,0.0,1.037,3.5913493633270264,3.1528797149658203,-0.43846964836120605
resid_nc_hm_4380000,onto,ca,118,1.0,6,0.1860,0.0,1.262,4.606716632843018,3.780592203140259,-0.8261244297027588
resid_nc_hm_4380000,onto,ca,118,1.0,7,0.0970,0.0,1.710,4.409839630126953,3.631699323654175,-0.7781403064727783
resid_nc_hm_4380000,dm,ca,-1,0.25,0,0.1718,0.0,1.158,4.014235019683838,4.859554290771484,0.8453192710876465
resid_nc_hm_4380000,dm,ca,-1,0.25,1,0.7021,0.0,0.909,5.142242908477783,5.741764068603516,0.5995211601257324
resid_nc_hm_4380000,dm,ca,-1,0.25,2,0.2463,0.0,1.071,4.6440043449401855,3.3433029651641846,-1.300701379776001
resid_nc_hm_4380000,dm,ca,-1,0.25,3,0.2264,0.0,1.073,4.763792514801025,4.697539806365967,-0.0662527084350586
resid_nc_hm_4380000,dm,ca,-1,0.25,4,0.3454,0.0,0.964,4.12262487411499,3.4722940921783447,-0.6503307819366455
resid_nc_hm_4380000,dm,ca,-1,0.25,5,0.6044,0.0,1.101,3.5913493633270264,4.265794277191162,0.6744449138641357
resid_nc_hm_4380000,dm,ca,-1,0.25,6,0.3910,0.0,0.829,4.606716632843018,4.249107837677002,-0.3576087951660156
resid_nc_hm_4380000,dm,ca,-1,0.25,7,0.2808,0.0,1.250,4.409839630126953,4.656375408172607,0.2465357780456543
resid_nc_hm_4380000,dm,ca,-1,0.5,0,0.1576,0.0,1.192,4.014235019683838,5.556260585784912,1.5420255661010742
resid_nc_hm_4380000,dm,ca,-1,0.5,1,0.6003,0.0,0.955,5.142242908477783,5.867599964141846,0.7253570556640625
resid_nc_hm_4380000,dm,ca,-1,0.5,2,0.2421,0.0,0.904,4.6440043449401855,4.103973388671875,-0.5400309562683105
resid_nc_hm_4380000,dm,ca,-1,0.5,3,0.1495,0.0,1.317,4.763792514801025,5.034615993499756,0.27082347869873047
resid_nc_hm_4380000,dm,ca,-1,0.5,4,0.2390,0.0,0.964,4.12262487411499,3.678860902786255,-0.44376397132873535
resid_nc_hm_4380000,dm,ca,-1,0.5,5,0.4403,0.0,1.154,3.5913493633270264,4.086145877838135,0.4947965145111084
resid_nc_hm_4380000,dm,ca,-1,0.5,6,0.2515,0.0,0.982,4.606716632843018,4.190833568572998,-0.41588306427001953
resid_nc_hm_4380000,dm,ca,-1,0.5,7,0.1099,0.0,1.600,4.409839630126953,4.102378845214844,-0.3074607849121094
resid_nc_hm_4380000,dm,ca,-1,1.0,0,0.1505,0.0,1.250,4.014235019683838,3.037254810333252,-0.9769802093505859
resid_nc_hm_4380000,dm,ca,-1,1.0,1,0.1550,0.0,1.013,5.142242908477783,3.7789111137390137,-1.3633317947387695
resid_nc_hm_4380000,dm,ca,-1,1.0,2,0.2592,0.0,1.066,4.6440043449401855,3.055328369140625,-1.5886759757995605
resid_nc_hm_4380000,dm,ca,-1,1.0,3,0.0653,0.0,2.122,4.763792514801025,3.8460991382598877,-0.9176933765411377
resid_nc_hm_4380000,dm,ca,-1,1.0,4,0.2526,0.0,1.153,4.12262487411499,3.686359167098999,-0.4362657070159912
resid_nc_hm_4380000,dm,ca,-1,1.0,5,0.2895,0.0,1.090,3.5913493633270264,4.3160552978515625,0.7247059345245361
resid_nc_hm_4380000,dm,ca,-1,1.0,6,0.1908,0.0,0.994,4.606716632843018,3.881289005279541,-0.7254276275634766
resid_nc_hm_4380000,dm,ca,-1,1.0,7,0.0742,0.0,1.910,4.409839630126953,3.0801868438720703,-1.3296527862548828
resid_nc_hm_4380000,probe,ca,-1,0.25,0,0.2028,0.0,1.042,4.014235019683838,4.397427082061768,0.3831920623779297
resid_nc_hm_4380000,probe,ca,-1,0.25,1,0.7250,0.0,0.942,5.142242908477783,5.51806640625,0.3758234977722168
resid_nc_hm_4380000,probe,ca,-1,0.25,2,0.1435,0.0,0.753,4.6440043449401855,3.2078754901885986,-1.436128854751587
resid_nc_hm_4380000,probe,ca,-1,0.25,3,0.1171,0.0,0.695,4.763792514801025,2.4103355407714844,-2.353456974029541
resid_nc_hm_4380000,probe,ca,-1,0.25,4,0.3815,0.0,0.929,4.12262487411499,3.5945167541503906,-0.5281081199645996
resid_nc_hm_4380000,probe,ca,-1,0.25,5,0.6938,0.0,1.037,3.5913493633270264,3.715858221054077,0.12450885772705078
resid_nc_hm_4380000,probe,ca,-1,0.25,6,0.6016,0.0,1.030,4.606716632843018,4.6305108070373535,0.023794174194335938
resid_nc_hm_4380000,probe,ca,-1,0.25,7,0.2416,0.0,0.980,4.409839630126953,3.9203834533691406,-0.4894561767578125
resid_nc_hm_4380000,probe,ca,-1,0.5,0,0.1741,0.0,1.142,4.014235019683838,2.6760990619659424,-1.3381359577178955
resid_nc_hm_4380000,probe,ca,-1,0.5,1,0.5714,0.0,0.968,5.142242908477783,4.862813949584961,-0.27942895889282227
resid_nc_hm_4380000,probe,ca,-1,0.5,2,0.2668,0.0,0.793,4.6440043449401855,4.091119766235352,-0.552884578704834
resid_nc_hm_4380000,probe,ca,-1,0.5,3,0.0710,0.0,1.707,4.763792514801025,3.0759334564208984,-1.687859058380127
resid_nc_hm_4380000,probe,ca,-1,0.5,4,0.3458,0.0,0.918,4.12262487411499,3.9886081218719482,-0.134016752243042
resid_nc_hm_4380000,probe,ca,-1,0.5,5,0.4491,0.0,1.011,3.5913493633270264,3.6823949813842773,0.09104561805725098
resid_nc_hm_4380000,probe,ca,-1,0.5,6,0.3936,0.0,0.957,4.606716632843018,4.82847785949707,0.22176122665405273
resid_nc_hm_4380000,probe,ca,-1,0.5,7,0.1170,0.0,1.560,4.409839630126953,4.016372203826904,-0.39346742630004883
resid_nc_hm_4380000,probe,ca,-1,1.0,0,0.1861,0.0,1.233,4.014235019683838,3.726384401321411,-0.28785061836242676
resid_nc_hm_4380000,probe,ca,-1,1.0,1,0.3040,0.0,0.935,5.142242908477783,4.365349769592285,-0.776893138885498
resid_nc_hm_4380000,probe,ca,-1,1.0,2,0.2606,0.0,0.914,4.6440043449401855,3.3811426162719727,-1.262861728668213
resid_nc_hm_4380000,probe,ca,-1,1.0,3,0.0220,0.0,1.561,4.763792514801025,3.374770164489746,-1.3890223503112793
resid_nc_hm_4380000,probe,ca,-1,1.0,4,0.2828,0.0,0.929,4.12262487411499,3.4644501209259033,-0.6581747531890869
resid_nc_hm_4380000,probe,ca,-1,1.0,5,0.2853,0.0,0.851,3.5913493633270264,3.159329652786255,-0.4320197105407715
resid_nc_hm_4380000,probe,ca,-1,1.0,6,0.1740,0.0,0.860,4.606716632843018,4.1239013671875,-0.4828152656555176
resid_nc_hm_4380000,probe,ca,-1,1.0,7,0.0875,0.0,1.270,4.409839630126953,3.0702342987060547,-1.3396053314208984
resid_nc_hm_4380000,onto,bg,127,0.25,0,0.3363,0.0,1.300,4.014235019683838,4.686769485473633,0.6725344657897949
resid_nc_hm_4380000,onto,bg,127,0.25,1,0.7640,0.0,0.883,5.142242908477783,4.86605167388916,-0.27619123458862305
resid_nc_hm_4380000,onto,bg,127,0.25,2,0.3010,0.0,1.061,4.6440043449401855,3.8157804012298584,-0.8282239437103271
resid_nc_hm_4380000,onto,bg,127,0.25,3,0.1676,0.0,0.878,4.763792514801025,4.021307945251465,-0.7424845695495605
resid_nc_hm_4380000,onto,bg,127,0.25,4,0.3089,0.0,0.893,4.12262487411499,3.9593896865844727,-0.16323518753051758
resid_nc_hm_4380000,onto,bg,127,0.25,5,0.5798,0.0,1.027,3.5913493633270264,4.251868724822998,0.6605193614959717
resid_nc_hm_4380000,onto,bg,127,0.25,6,0.6370,0.0,0.921,4.606716632843018,5.083789348602295,0.47707271575927734
resid_nc_hm_4380000,onto,bg,127,0.25,7,0.2135,0.0,1.140,4.409839630126953,4.813836574554443,0.40399694442749023
resid_nc_hm_4380000,onto,bg,127,0.5,0,0.1549,0.0,1.008,4.014235019683838,4.150156497955322,0.13592147827148438
resid_nc_hm_4380000,onto,bg,127,0.5,1,0.1364,0.0,0.461,5.142242908477783,4.480411052703857,-0.6618318557739258
resid_nc_hm_4380000,onto,bg,127,0.5,2,0.2927,0.0,0.924,4.6440043449401855,3.943849563598633,-0.7001547813415527
resid_nc_hm_4380000,onto,bg,127,0.5,3,0.0328,0.0,1.817,4.763792514801025,4.035502910614014,-0.7282896041870117
resid_nc_hm_4380000,onto,bg,127,0.5,4,0.2470,0.0,0.923,4.12262487411499,3.290499448776245,-0.8321254253387451
resid_nc_hm_4380000,onto,bg,127,0.5,5,0.3952,0.0,1.170,3.5913493633270264,3.2039413452148438,-0.3874080181121826
resid_nc_hm_4380000,onto,bg,127,0.5,6,0.2228,0.0,1.018,4.606716632843018,3.7115278244018555,-0.8951888084411621
resid_nc_hm_4380000,onto,bg,127,0.5,7,0.1260,0.0,1.210,4.409839630126953,5.214283466339111,0.8044438362121582
resid_nc_hm_4380000,onto,bg,127,1.0,0,0.1728,0.0,1.550,4.014235019683838,2.8602256774902344,-1.1540093421936035
resid_nc_hm_4380000,onto,bg,127,1.0,1,0.1965,0.0,1.032,5.142242908477783,4.113131046295166,-1.0291118621826172
resid_nc_hm_4380000,onto,bg,127,1.0,2,0.1995,0.0,0.879,4.6440043449401855,4.9202117919921875,0.27620744705200195
resid_nc_hm_4380000,onto,bg,127,1.0,3,0.0174,0.0,2.207,4.763792514801025,3.751413345336914,-1.0123791694641113
resid_nc_hm_4380000,onto,bg,127,1.0,4,0.2305,0.0,0.939,4.12262487411499,3.566946029663086,-0.5556788444519043
resid_nc_hm_4380000,onto,bg,127,1.0,5,0.2515,0.0,0.941,3.5913493633270264,2.953179359436035,-0.6381700038909912
resid_nc_hm_4380000,onto,bg,127,1.0,6,0.1857,0.0,1.159,4.606716632843018,3.7128477096557617,-0.8938689231872559
resid_nc_hm_4380000,onto,bg,127,1.0,7,0.1038,0.0,1.720,4.409839630126953,4.092754364013672,-0.31708526611328125
resid_nc_hm_4380000,dm,bg,-1,0.25,0,0.2163,0.0,1.275,4.014235019683838,4.897547721862793,0.8833127021789551
resid_nc_hm_4380000,dm,bg,-1,0.25,1,0.6187,0.0,0.870,5.142242908477783,4.947102069854736,-0.19514083862304688
resid_nc_hm_4380000,dm,bg,-1,0.25,2,0.4247,0.0,1.086,4.6440043449401855,4.0672993659973145,-0.5767049789428711
resid_nc_hm_4380000,dm,bg,-1,0.25,3,0.2202,0.0,0.939,4.763792514801025,4.355615615844727,-0.40817689895629883
resid_nc_hm_4380000,dm,bg,-1,0.25,4,0.3675,0.0,1.153,4.12262487411499,4.692544937133789,0.5699200630187988
resid_nc_hm_4380000,dm,bg,-1,0.25,5,0.6530,0.0,1.037,3.5913493633270264,3.9086055755615234,0.31725621223449707
resid_nc_hm_4380000,dm,bg,-1,0.25,6,0.6092,0.0,0.939,4.606716632843018,5.075232982635498,0.46851634979248047
resid_nc_hm_4380000,dm,bg,-1,0.25,7,0.2291,0.0,1.270,4.409839630126953,4.752425193786621,0.34258556365966797
resid_nc_hm_4380000,dm,bg,-1,0.5,0,0.1973,0.0,1.375,4.014235019683838,4.744000434875488,0.7297654151916504
resid_nc_hm_4380000,dm,bg,-1,0.5,1,0.2663,0.0,0.519,5.142242908477783,5.573405742645264,0.43116283416748047
resid_nc_hm_4380000,dm,bg,-1,0.5,2,0.2705,0.0,0.889,4.6440043449401855,4.1805620193481445,-0.463442325592041
resid_nc_hm_4380000,dm,bg,-1,0.5,3,0.0473,0.0,2.244,4.763792514801025,3.0320098400115967,-1.7317826747894287
resid_nc_hm_4380000,dm,bg,-1,0.5,4,0.2988,0.0,1.056,4.12262487411499,3.9486963748931885,-0.17392849922180176
resid_nc_hm_4380000,dm,bg,-1,0.5,5,0.4100,0.0,0.920,3.5913493633270264,4.835992813110352,1.2446434497833252
resid_nc_hm_4380000,dm,bg,-1,0.5,6,0.4332,0.0,1.091,4.606716632843018,4.664103031158447,0.05738639831542969
resid_nc_hm_4380000,dm,bg,-1,0.5,7,0.1806,0.0,1.350,4.409839630126953,5.104225158691406,0.6943855285644531
resid_nc_hm_4380000,dm,bg,-1,1.0,0,0.1575,0.0,1.392,4.014235019683838,4.266910076141357,0.25267505645751953
resid_nc_hm_4380000,dm,bg,-1,1.0,1,0.1081,0.0,0.558,5.142242908477783,5.112525939941406,-0.029716968536376953
resid_nc_hm_4380000,dm,bg,-1,1.0,2,0.2407,0.0,1.141,4.6440043449401855,3.2387993335723877,-1.4052050113677979
resid_nc_hm_4380000,dm,bg,-1,1.0,3,0.0110,0.0,1.549,4.763792514801025,4.042135238647461,-0.7216572761535645
resid_nc_hm_4380000,dm,bg,-1,1.0,4,0.3110,0.0,1.066,4.12262487411499,4.159650802612305,0.03702592849731445
resid_nc_hm_4380000,dm,bg,-1,1.0,5,0.3143,0.0,0.941,3.5913493633270264,4.463482856750488,0.8721334934234619
resid_nc_hm_4380000,dm,bg,-1,1.0,6,0.1496,0.0,0.817,4.606716632843018,4.440707206726074,-0.16600942611694336
resid_nc_hm_4380000,dm,bg,-1,1.0,7,0.0948,0.0,1.560,4.409839630126953,4.111950397491455,-0.29788923263549805
resid_nc_hm_4380000,probe,bg,-1,0.25,0,0.2608,0.0,1.100,4.014235019683838,3.0199520587921143,-0.9942829608917236
resid_nc_hm_4380000,probe,bg,-1,0.25,1,0.6648,0.0,0.864,5.142242908477783,4.652040481567383,-0.4902024269104004
resid_nc_hm_4380000,probe,bg,-1,0.25,2,0.2667,0.0,0.838,4.6440043449401855,3.753199815750122,-0.8908045291900635
resid_nc_hm_4380000,probe,bg,-1,0.25,3,0.2221,0.0,1.049,4.763792514801025,4.906339168548584,0.1425466537475586
resid_nc_hm_4380000,probe,bg,-1,0.25,4,0.3342,0.0,0.929,4.12262487411499,4.0891499519348145,-0.03347492218017578
resid_nc_hm_4380000,probe,bg,-1,0.25,5,0.8171,0.0,1.032,3.5913493633270264,3.725062370300293,0.1337130069732666
resid_nc_hm_4380000,probe,bg,-1,0.25,6,0.1833,0.0,1.024,4.606716632843018,2.643942356109619,-1.9627742767333984
resid_nc_hm_4380000,probe,bg,-1,0.25,7,0.2090,0.0,1.080,4.409839630126953,4.508975982666016,0.0991363525390625
resid_nc_hm_4380000,probe,bg,-1,0.5,0,0.1865,0.0,1.225,4.014235019683838,2.8325092792510986,-1.1817257404327393
resid_nc_hm_4380000,probe,bg,-1,0.5,1,0.4269,0.0,0.851,5.142242908477783,4.867372035980225,-0.2748708724975586
resid_nc_hm_4380000,probe,bg,-1,0.5,2,0.2728,0.0,0.965,4.6440043449401855,3.5472018718719482,-1.0968024730682373
resid_nc_hm_4380000,probe,bg,-1,0.5,3,0.0530,0.0,2.061,4.763792514801025,3.172692060470581,-1.5911004543304443
resid_nc_hm_4380000,probe,bg,-1,0.5,4,0.3562,0.0,0.923,4.12262487411499,4.37794828414917,0.2553234100341797
resid_nc_hm_4380000,probe,bg,-1,0.5,5,0.6427,0.0,1.053,3.5913493633270264,3.933399200439453,0.34204983711242676
resid_nc_hm_4380000,probe,bg,-1,0.5,6,0.2300,0.0,1.049,4.606716632843018,4.006006240844727,-0.600710391998291
resid_nc_hm_4380000,probe,bg,-1,0.5,7,0.1335,0.0,0.990,4.409839630126953,3.8806324005126953,-0.5292072296142578
resid_nc_hm_4380000,probe,bg,-1,1.0,0,0.1383,0.0,1.217,4.014235019683838,2.7399871349334717,-1.2742478847503662
resid_nc_hm_4380000,probe,bg,-1,1.0,1,0.0822,0.0,0.429,5.142242908477783,2.0233352184295654,-3.1189076900482178
resid_nc_hm_4380000,probe,bg,-1,1.0,2,0.2811,0.0,0.965,4.6440043449401855,2.884812593460083,-1.7591917514801025
resid_nc_hm_4380000,probe,bg,-1,1.0,3,0.0302,0.0,2.146,4.763792514801025,2.8791213035583496,-1.8846712112426758
resid_nc_hm_4380000,probe,bg,-1,1.0,4,0.1772,0.0,0.791,4.12262487411499,3.027203321456909,-1.095421552658081
resid_nc_hm_4380000,probe,bg,-1,1.0,5,0.3928,0.0,0.665,3.5913493633270264,3.667879581451416,0.07653021812438965
resid_nc_hm_4380000,probe,bg,-1,1.0,6,0.1263,0.0,0.884,4.606716632843018,2.6748855113983154,-1.9318311214447021
resid_nc_hm_4380000,probe,bg,-1,1.0,7,0.0623,0.0,1.940,4.409839630126953,2.852623701095581,-1.557215929031372
resid_nc_hm_4380000,random,,0,0.25,0,0.0282,0.0,0.417,4.014235019683838,2.4263601303100586,-1.5878748893737793
resid_nc_hm_4380000,random,,0,0.25,1,0.6821,0.0,0.968,5.142242908477783,5.676577091217041,0.5343341827392578
resid_nc_hm_4380000,random,,0,0.25,2,0.3278,0.0,0.828,4.6440043449401855,4.678859233856201,0.034854888916015625
resid_nc_hm_4380000,random,,0,0.25,3,0.1720,0.0,0.951,4.763792514801025,3.9859745502471924,-0.777817964553833
resid_nc_hm_4380000,random,,0,0.25,4,0.5290,0.0,0.985,4.12262487411499,3.4273929595947266,-0.6952319145202637
resid_nc_hm_4380000,random,,0,0.25,5,0.7036,0.0,0.979,3.5913493633270264,3.5159389972686768,-0.07541036605834961
resid_nc_hm_4380000,random,,0,0.25,6,0.4892,0.0,1.067,4.606716632843018,3.575885772705078,-1.0308308601379395
resid_nc_hm_4380000,random,,0,0.25,7,0.1625,0.0,0.870,4.409839630126953,4.428915977478027,0.01907634735107422
resid_nc_hm_4380000,random,,0,0.25,8,0.3610,0.0,0.935,4.883808612823486,4.59806489944458,-0.28574371337890625
resid_nc_hm_4380000,random,,0,0.25,9,0.4301,0.0,0.975,3.674440383911133,3.6710100173950195,-0.0034303665161132812
resid_nc_hm_4380000,random,,0,0.25,10,0.3498,0.0,0.916,5.874290943145752,6.553435802459717,0.6791448593139648
resid_nc_hm_4380000,random,,0,0.25,11,0.0262,0.0,0.787,4.389575004577637,1.0190951824188232,-3.3704798221588135
resid_nc_hm_4380000,random,,0,0.25,12,0.3337,0.0,0.924,3.9506313800811768,4.711904525756836,0.7612731456756592
resid_nc_hm_4380000,random,,0,0.25,13,0.3689,0.0,1.015,4.270444393157959,3.819546699523926,-0.4508976936340332
resid_nc_hm_4380000,random,,0,0.25,14,0.3021,0.0,0.995,4.5176777839660645,3.5685360431671143,-0.9491417407989502
resid_nc_hm_4380000,random,,0,0.25,15,0.3484,0.0,1.050,3.7897651195526123,3.252352476119995,-0.5374126434326172
resid_nc_hm_4380000,random,,0,0.5,0,0.0282,0.0,0.417,4.014235019683838,2.467064142227173,-1.547170877456665
resid_nc_hm_4380000,random,,0,0.5,1,0.3608,0.0,1.091,5.142242908477783,5.603731155395508,0.4614882469177246
resid_nc_hm_4380000,random,,0,0.5,2,0.2750,0.0,0.980,4.6440043449401855,4.586013317108154,-0.05799102783203125
resid_nc_hm_4380000,random,,0,0.5,3,0.1685,0.0,1.134,4.763792514801025,5.469972133636475,0.7061796188354492
resid_nc_hm_4380000,random,,0,0.5,4,0.3740,0.0,0.898,4.12262487411499,3.4789187908172607,-0.6437060832977295
resid_nc_hm_4380000,random,,0,0.5,5,0.5202,0.0,1.096,3.5913493633270264,3.825650930404663,0.23430156707763672
resid_nc_hm_4380000,random,,0,0.5,6,0.3124,0.0,0.921,4.606716632843018,3.9144299030303955,-0.6922867298126221
resid_nc_hm_4380000,random,,0,0.5,7,0.1489,0.0,1.230,4.409839630126953,4.034912586212158,-0.3749270439147949
resid_nc_hm_4380000,random,,0,0.5,8,0.3299,0.0,0.894,4.883808612823486,4.513574123382568,-0.37023448944091797
resid_nc_hm_4380000,random,,0,0.5,9,0.4091,0.0,1.190,3.674440383911133,3.4142353534698486,-0.2602050304412842
resid_nc_hm_4380000,random,,0,0.5,10,0.4093,0.0,0.865,5.874290943145752,4.864323139190674,-1.0099678039550781
resid_nc_hm_4380000,random,,0,0.5,11,0.2941,0.0,0.897,4.389575004577637,3.5124895572662354,-0.8770854473114014
resid_nc_hm_4380000,random,,0,0.5,12,0.3762,0.0,0.930,3.9506313800811768,4.763392925262451,0.8127615451812744
resid_nc_hm_4380000,random,,0,0.5,13,0.2241,0.0,0.793,4.270444393157959,2.9269115924835205,-1.3435328006744385
resid_nc_hm_4380000,random,,0,0.5,14,0.2416,0.0,0.903,4.5176777839660645,4.15810489654541,-0.3595728874206543
resid_nc_hm_4380000,random,,0,0.5,15,0.3031,0.0,1.012,3.7897651195526123,4.162819862365723,0.37305474281311035
resid_nc_hm_4380000,random,,0,1.0,0,0.1509,0.0,0.900,4.014235019683838,4.270292282104492,0.2560572624206543
resid_nc_hm_4380000,random,,0,1.0,1,0.1431,0.0,0.922,5.142242908477783,4.555802822113037,-0.5864400863647461
resid_nc_hm_4380000,random,,0,1.0,2,0.2162,0.0,0.884,4.6440043449401855,4.125009059906006,-0.5189952850341797
resid_nc_hm_4380000,random,,0,1.0,3,0.0834,0.0,1.232,4.763792514801025,6.064355850219727,1.3005633354187012
resid_nc_hm_4380000,random,,0,1.0,4,0.2054,0.0,1.041,4.12262487411499,2.918574333190918,-1.2040505409240723
resid_nc_hm_4380000,random,,0,1.0,5,0.1982,0.0,0.707,3.5913493633270264,3.8208651542663574,0.22951579093933105
resid_nc_hm_4380000,random,,0,1.0,6,0.1415,0.0,0.951,4.606716632843018,2.5730020999908447,-2.033714532852173
resid_nc_hm_4380000,random,,0,1.0,7,0.1038,0.0,1.300,4.409839630126953,5.747187614440918,1.3373479843139648
resid_nc_hm_4380000,random,,0,1.0,8,0.1536,0.0,0.844,4.883808612823486,2.7100861072540283,-2.173722505569458
resid_nc_hm_4380000,random,,0,1.0,9,0.2970,0.0,1.153,3.674440383911133,3.12688946723938,-0.5475509166717529
resid_nc_hm_4380000,random,,0,1.0,10,0.2014,0.0,0.938,5.874290943145752,5.425333499908447,-0.4489574432373047
resid_nc_hm_4380000,random,,0,1.0,11,0.2880,0.0,1.026,4.389575004577637,4.232651233673096,-0.15692377090454102
resid_nc_hm_4380000,random,,0,1.0,12,0.2248,0.0,1.099,3.9506313800811768,2.8504202365875244,-1.1002111434936523
resid_nc_hm_4380000,random,,0,1.0,13,0.2234,0.0,0.944,4.270444393157959,5.170821666717529,0.9003772735595703
resid_nc_hm_4380000,random,,0,1.0,14,0.2149,0.0,0.969,4.5176777839660645,4.1155571937561035,-0.40212059020996094
resid_nc_hm_4380000,random,,0,1.0,15,0.2133,0.0,0.906,3.7897651195526123,3.7786121368408203,-0.011152982711791992
resid_nc_hm_4380000,random,,1,0.25,0,0.2993,0.0,0.958,4.014235019683838,4.230430603027344,0.21619558334350586
resid_nc_hm_4380000,random,,1,0.25,1,0.7561,0.0,0.890,5.142242908477783,4.7968244552612305,-0.34541845321655273
resid_nc_hm_4380000,random,,1,0.25,2,0.2596,0.0,1.056,4.6440043449401855,3.091336488723755,-1.5526678562164307
resid_nc_hm_4380000,random,,1,0.25,3,0.2068,0.0,0.963,4.763792514801025,4.525195598602295,-0.23859691619873047
resid_nc_hm_4380000,random,,1,0.25,4,0.3582,0.0,0.883,4.12262487411499,3.7058238983154297,-0.41680097579956055
resid_nc_hm_4380000,random,,1,0.25,5,0.6127,0.0,0.979,3.5913493633270264,4.082030773162842,0.49068140983581543
resid_nc_hm_4380000,random,,1,0.25,6,0.4381,0.0,0.902,4.606716632843018,4.747849941253662,0.14113330841064453
resid_nc_hm_4380000,random,,1,0.25,7,0.2117,0.0,1.130,4.409839630126953,4.452852249145508,0.04301261901855469
resid_nc_hm_4380000,random,,1,0.25,8,0.3774,0.0,0.869,4.883808612823486,4.88472843170166,0.0009198188781738281
resid_nc_hm_4380000,random,,1,0.25,9,0.3400,0.0,0.969,3.674440383911133,3.6758155822753906,0.0013751983642578125
resid_nc_hm_4380000,random,,1,0.25,10,0.5175,0.0,1.022,5.874290943145752,5.820253372192383,-0.05403757095336914
resid_nc_hm_4380000,random,,1,0.25,11,0.2459,0.0,0.903,4.389575004577637,3.124979019165039,-1.2645959854125977
resid_nc_hm_4380000,random,,1,0.25,12,0.3699,0.0,0.907,3.9506313800811768,4.746532917022705,0.7959015369415283
resid_nc_hm_4380000,random,,1,0.25,13,0.3628,0.0,1.005,4.270444393157959,4.035694122314453,-0.23475027084350586
resid_nc_hm_4380000,random,,1,0.25,14,0.3108,0.0,0.938,4.5176777839660645,4.537774562835693,0.020096778869628906
resid_nc_hm_4380000,random,,1,0.25,15,0.3867,0.0,1.056,3.7897651195526123,3.8587045669555664,0.0689394474029541
resid_nc_hm_4380000,random,,1,0.5,0,0.2121,0.0,1.050,4.014235019683838,3.0774521827697754,-0.9367828369140625
resid_nc_hm_4380000,random,,1,0.5,1,0.4715,0.0,0.948,5.142242908477783,5.7702813148498535,0.6280384063720703
resid_nc_hm_4380000,random,,1,0.5,2,0.1513,0.0,0.652,4.6440043449401855,4.555197715759277,-0.0888066291809082
resid_nc_hm_4380000,random,,1,0.5,3,0.1769,0.0,0.927,4.763792514801025,4.564756393432617,-0.1990361213684082
resid_nc_hm_4380000,random,,1,0.5,4,0.2205,0.0,0.827,4.12262487411499,3.5284385681152344,-0.5941863059997559
resid_nc_hm_4380000,random,,1,0.5,5,0.3913,0.0,0.718,3.5913493633270264,4.685318946838379,1.0939695835113525
resid_nc_hm_4380000,random,,1,0.5,6,0.3592,0.0,0.823,4.606716632843018,5.060451030731201,0.4537343978881836
resid_nc_hm_4380000,random,,1,0.5,7,0.1839,0.0,1.070,4.409839630126953,4.605405330657959,0.19556570053100586
resid_nc_hm_4380000,random,,1,0.5,8,0.4374,0.0,0.965,4.883808612823486,4.505989074707031,-0.3778195381164551
resid_nc_hm_4380000,random,,1,0.5,9,0.3731,0.0,1.227,3.674440383911133,3.7858235836029053,0.11138319969177246
resid_nc_hm_4380000,random,,1,0.5,10,0.3633,0.0,0.910,5.874290943145752,5.271663188934326,-0.6026277542114258
resid_nc_hm_4380000,random,,1,0.5,11,0.0537,0.0,0.665,4.389575004577637,2.45747447013855,-1.932100534439087
resid_nc_hm_4380000,random,,1,0.5,12,0.3801,0.0,0.855,3.9506313800811768,4.840970516204834,0.8903391361236572
resid_nc_hm_4380000,random,,1,0.5,13,0.3099,0.0,0.899,4.270444393157959,4.364480972290039,0.09403657913208008
resid_nc_hm_4380000,random,,1,0.5,14,0.3020,0.0,0.979,4.5176777839660645,3.1792938709259033,-1.3383839130401611
resid_nc_hm_4380000,random,,1,0.5,15,0.3239,0.0,1.106,3.7897651195526123,3.564030885696411,-0.22573423385620117
resid_nc_hm_4380000,random,,1,1.0,0,0.1846,0.0,1.342,4.014235019683838,4.2045578956604,0.1903228759765625
resid_nc_hm_4380000,random,,1,1.0,1,0.1913,0.0,0.682,5.142242908477783,5.919589996337891,0.7773470878601074
resid_nc_hm_4380000,random,,1,1.0,2,0.1809,0.0,0.737,4.6440043449401855,4.321600437164307,-0.3224039077758789
resid_nc_hm_4380000,random,,1,1.0,3,0.1068,0.0,1.341,4.763792514801025,4.374899387359619,-0.38889312744140625
resid_nc_hm_4380000,random,,1,1.0,4,0.1799,0.0,0.724,4.12262487411499,3.3545923233032227,-0.7680325508117676
resid_nc_hm_4380000,random,,1,1.0,5,0.1953,0.0,0.638,3.5913493633270264,4.721285343170166,1.1299359798431396
resid_nc_hm_4380000,random,,1,1.0,6,0.1552,0.0,0.927,4.606716632843018,3.4724247455596924,-1.1342918872833252
resid_nc_hm_4380000,random,,1,1.0,7,0.1020,0.0,1.160,4.409839630126953,4.1501617431640625,-0.2596778869628906
resid_nc_hm_4380000,random,,1,1.0,8,0.1949,0.0,0.990,4.883808612823486,3.028944969177246,-1.8548636436462402
resid_nc_hm_4380000,random,,1,1.0,9,0.1825,0.0,0.840,3.674440383911133,3.7730019092559814,0.09856152534484863
resid_nc_hm_4380000,random,,1,1.0,10,0.1425,0.0,0.635,5.874290943145752,4.080892562866211,-1.793398380279541
resid_nc_hm_4380000,random,,1,1.0,11,0.1838,0.0,1.148,4.389575004577637,3.348689317703247,-1.0408856868743896
resid_nc_hm_4380000,random,,1,1.0,12,0.1803,0.0,0.820,3.9506313800811768,4.730836391448975,0.7802050113677979
resid_nc_hm_4380000,random,,1,1.0,13,0.2686,0.0,0.894,4.270444393157959,3.6411237716674805,-0.6293206214904785
resid_nc_hm_4380000,random,,1,1.0,14,0.2139,0.0,0.867,4.5176777839660645,3.015671968460083,-1.5020058155059814
resid_nc_hm_4380000,random,,1,1.0,15,0.1804,0.0,0.863,3.7897651195526123,4.3616509437561035,0.5718858242034912
resid_nc_hm_4380000,random,,2,0.25,0,0.1677,0.0,1.383,4.014235019683838,2.7837398052215576,-1.2304952144622803
resid_nc_hm_4380000,random,,2,0.25,1,0.6981,0.0,0.844,5.142242908477783,5.384155750274658,0.241912841796875
resid_nc_hm_4380000,random,,2,0.25,2,0.1753,0.0,0.818,4.6440043449401855,3.9577369689941406,-0.6862673759460449
resid_nc_hm_4380000,random,,2,0.25,3,0.0316,0.0,2.256,4.763792514801025,2.651806116104126,-2.1119863986968994
resid_nc_hm_4380000,random,,2,0.25,4,0.3288,0.0,0.939,4.12262487411499,4.258235931396484,0.13561105728149414
resid_nc_hm_4380000,random,,2,0.25,5,0.6786,0.0,1.064,3.5913493633270264,3.6081111431121826,0.01676177978515625
resid_nc_hm_4380000,random,,2,0.25,6,0.4674,0.0,0.915,4.606716632843018,4.871556758880615,0.26484012603759766
resid_nc_hm_4380000,random,,2,0.25,7,0.2058,0.0,1.070,4.409839630126953,3.0629584789276123,-1.3468811511993408
resid_nc_hm_4380000,random,,2,0.25,8,0.3377,0.0,0.884,4.883808612823486,3.698240280151367,-1.1855683326721191
resid_nc_hm_4380000,random,,2,0.25,9,0.3516,0.0,1.006,3.674440383911133,3.4171483516693115,-0.2572920322418213
resid_nc_hm_4380000,random,,2,0.25,10,0.2975,0.0,0.955,5.874290943145752,5.686434268951416,-0.18785667419433594
resid_nc_hm_4380000,random,,2,0.25,11,0.4076,0.0,1.161,4.389575004577637,4.048242092132568,-0.34133291244506836
resid_nc_hm_4380000,random,,2,0.25,12,0.4191,0.0,1.110,3.9506313800811768,3.9169235229492188,-0.03370785713195801
resid_nc_hm_4380000,random,,2,0.25,13,0.4923,0.0,1.025,4.270444393157959,4.199889659881592,-0.07055473327636719
resid_nc_hm_4380000,random,,2,0.25,14,0.2840,0.0,0.867,4.5176777839660645,4.618422985076904,0.10074520111083984
resid_nc_hm_4380000,random,,2,0.25,15,0.4167,0.0,0.975,3.7897651195526123,3.6903393268585205,-0.0994257926940918
resid_nc_hm_4380000,random,,2,0.5,0,0.1788,0.0,1.625,4.014235019683838,3.021721124649048,-0.99251389503479
resid_nc_hm_4380000,random,,2,0.5,1,0.4108,0.0,0.903,5.142242908477783,4.38722562789917,-0.7550172805786133
resid_nc_hm_4380000,random,,2,0.5,2,0.2179,0.0,0.944,4.6440043449401855,4.188186168670654,-0.45581817626953125
resid_nc_hm_4380000,random,,2,0.5,3,0.0060,0.0,2.159,4.763792514801025,2.580584764480591,-2.1832077503204346
resid_nc_hm_4380000,random,,2,0.5,4,0.3318,0.0,0.903,4.12262487411499,4.046195983886719,-0.07642889022827148
resid_nc_hm_4380000,random,,2,0.5,5,0.5965,0.0,0.835,3.5913493633270264,3.6553869247436523,0.06403756141662598
resid_nc_hm_4380000,random,,2,0.5,6,0.2534,0.0,0.933,4.606716632843018,3.5839126110076904,-1.0228040218353271
resid_nc_hm_4380000,random,,2,0.5,7,0.1715,0.0,1.250,4.409839630126953,4.169284343719482,-0.2405552864074707
resid_nc_hm_4380000,random,,2,0.5,8,0.2701,0.0,0.980,4.883808612823486,4.0582404136657715,-0.8255681991577148
resid_nc_hm_4380000,random,,2,0.5,9,0.3356,0.0,1.043,3.674440383911133,3.4437453746795654,-0.23069500923156738
resid_nc_hm_4380000,random,,2,0.5,10,0.1314,0.0,0.921,5.874290943145752,2.6656978130340576,-3.2085931301116943
resid_nc_hm_4380000,random,,2,0.5,11,0.3352,0.0,1.374,4.389575004577637,4.272983551025391,-0.1165914535522461
resid_nc_hm_4380000,random,,2,0.5,12,0.3518,0.0,1.029,3.9506313800811768,4.626931190490723,0.6762998104095459
resid_nc_hm_4380000,random,,2,0.5,13,0.3208,0.0,0.919,4.270444393157959,3.530747652053833,-0.739696741104126
resid_nc_hm_4380000,random,,2,0.5,14,0.2327,0.0,0.949,4.5176777839660645,3.505861282348633,-1.0118165016174316
resid_nc_hm_4380000,random,,2,0.5,15,0.3749,0.0,1.056,3.7897651195526123,3.8614883422851562,0.07172322273254395
resid_nc_hm_4380000,random,,2,1.0,0,0.1566,0.0,1.542,4.014235019683838,3.149794340133667,-0.8644406795501709
resid_nc_hm_4380000,random,,2,1.0,1,0.1528,0.0,0.636,5.142242908477783,4.382692813873291,-0.7595500946044922
resid_nc_hm_4380000,random,,2,1.0,2,0.1878,0.0,0.884,4.6440043449401855,3.766853094100952,-0.8771512508392334
resid_nc_hm_4380000,random,,2,1.0,3,0.0081,0.0,2.171,4.763792514801025,2.817960023880005,-1.9458324909210205
resid_nc_hm_4380000,random,,2,1.0,4,0.1890,0.0,0.893,4.12262487411499,3.473024606704712,-0.6496002674102783
resid_nc_hm_4380000,random,,2,1.0,5,0.0228,0.0,0.973,3.5913493633270264,0.7554697394371033,-2.835879623889923
resid_nc_hm_4380000,random,,2,1.0,6,0.1636,0.0,1.104,4.606716632843018,2.7884418964385986,-1.818274736404419
resid_nc_hm_4380000,random,,2,1.0,7,0.0888,0.0,1.920,4.409839630126953,3.250511884689331,-1.159327745437622
resid_nc_hm_4380000,random,,2,1.0,8,0.1687,0.0,0.950,4.883808612823486,2.6681296825408936,-2.2156789302825928
resid_nc_hm_4380000,random,,2,1.0,9,0.2720,0.0,1.264,3.674440383911133,2.9166126251220703,-0.7578277587890625
resid_nc_hm_4380000,random,,2,1.0,10,0.1264,0.0,0.910,5.874290943145752,2.674184560775757,-3.200106382369995
resid_nc_hm_4380000,random,,2,1.0,11,0.2430,0.0,1.303,4.389575004577637,3.932445526123047,-0.45712947845458984
resid_nc_hm_4380000,random,,2,1.0,12,0.2961,0.0,1.035,3.9506313800811768,4.130215167999268,0.17958378791809082
resid_nc_hm_4380000,random,,2,1.0,13,0.1768,0.0,0.874,4.270444393157959,3.242197275161743,-1.0282471179962158
resid_nc_hm_4380000,random,,2,1.0,14,0.2190,0.0,1.062,4.5176777839660645,2.2945330142974854,-2.223144769668579
resid_nc_hm_4380000,random,,2,1.0,15,0.3062,0.0,1.212,3.7897651195526123,3.407758951187134,-0.3820061683654785
resid_nc_hm_4380000,random,,3,0.25,0,0.1549,0.0,1.100,4.014235019683838,3.352417230606079,-0.6618177890777588
resid_nc_hm_4380000,random,,3,0.25,1,0.7545,0.0,0.857,5.142242908477783,4.901769638061523,-0.24047327041625977
resid_nc_hm_4380000,random,,3,0.25,2,0.2147,0.0,0.869,4.6440043449401855,4.118238925933838,-0.5257654190063477
resid_nc_hm_4380000,random,,3,0.25,3,0.2187,0.0,1.049,4.763792514801025,4.889586925506592,0.1257944107055664
resid_nc_hm_4380000,random,,3,0.25,4,0.3513,0.0,0.964,4.12262487411499,3.829771041870117,-0.29285383224487305
resid_nc_hm_4380000,random,,3,0.25,5,0.6927,0.0,0.984,3.5913493633270264,3.8793270587921143,0.2879776954650879
resid_nc_hm_4380000,random,,3,0.25,6,0.5356,0.0,1.049,4.606716632843018,3.936743974685669,-0.6699726581573486
resid_nc_hm_4380000,random,,3,0.25,7,0.2018,0.0,1.220,4.409839630126953,4.188963413238525,-0.22087621688842773
resid_nc_hm_4380000,random,,3,0.25,8,0.3533,0.0,1.015,4.883808612823486,4.198744297027588,-0.6850643157958984
resid_nc_hm_4380000,random,,3,0.25,9,0.4997,0.0,1.098,3.674440383911133,3.5109622478485107,-0.16347813606262207
resid_nc_hm_4380000,random,,3,0.25,10,0.4795,0.0,1.039,5.874290943145752,5.385800838470459,-0.48849010467529297
resid_nc_hm_4380000,random,,3,0.25,11,0.0557,0.0,0.729,4.389575004577637,2.0330891609191895,-2.3564858436584473
resid_nc_hm_4380000,random,,3,0.25,12,0.3255,0.0,1.099,3.9506313800811768,4.332092761993408,0.38146138191223145
resid_nc_hm_4380000,random,,3,0.25,13,0.3799,0.0,1.005,4.270444393157959,4.348848342895508,0.07840394973754883
resid_nc_hm_4380000,random,,3,0.25,14,0.3208,0.0,0.908,4.5176777839660645,4.520742893218994,0.0030651092529296875
resid_nc_hm_4380000,random,,3,0.25,15,0.3621,0.0,0.912,3.7897651195526123,3.4489448070526123,-0.3408203125
resid_nc_hm_4380000,random,,3,0.5,0,0.2252,0.0,1.200,4.014235019683838,3.749762773513794,-0.26447224617004395
resid_nc_hm_4380000,random,,3,0.5,1,0.4792,0.0,0.857,5.142242908477783,5.061278820037842,-0.0809640884399414
resid_nc_hm_4380000,random,,3,0.5,2,0.2172,0.0,0.813,4.6440043449401855,3.310044527053833,-1.3339598178863525
resid_nc_hm_4380000,random,,3,0.5,3,0.2178,0.0,1.049,4.763792514801025,4.3881611824035645,-0.37563133239746094
resid_nc_hm_4380000,random,,3,0.5,4,0.3548,0.0,1.015,4.12262487411499,3.608126640319824,-0.514498233795166
resid_nc_hm_4380000,random,,3,0.5,5,0.5495,0.0,1.085,3.5913493633270264,4.1085896492004395,0.5172402858734131
resid_nc_hm_4380000,random,,3,0.5,6,0.3256,0.0,0.909,4.606716632843018,3.196838617324829,-1.4098780155181885
resid_nc_hm_4380000,random,,3,0.5,7,0.1219,0.0,1.310,4.409839630126953,4.800704002380371,0.39086437225341797
resid_nc_hm_4380000,random,,3,0.5,8,0.2792,0.0,0.864,4.883808612823486,4.606586456298828,-0.2772221565246582
resid_nc_hm_4380000,random,,3,0.5,9,0.4485,0.0,1.067,3.674440383911133,3.59024715423584,-0.08419322967529297
resid_nc_hm_4380000,random,,3,0.5,10,0.3034,0.0,0.949,5.874290943145752,5.071484565734863,-0.8028063774108887
resid_nc_hm_4380000,random,,3,0.5,11,0.0299,0.0,0.639,4.389575004577637,1.8705568313598633,-2.5190181732177734
resid_nc_hm_4380000,random,,3,0.5,12,0.2806,0.0,0.849,3.9506313800811768,4.410916805267334,0.4602854251861572
resid_nc_hm_4380000,random,,3,0.5,13,0.2544,0.0,0.949,4.270444393157959,4.560059070587158,0.2896146774291992
resid_nc_hm_4380000,random,,3,0.5,14,0.2947,0.0,1.154,4.5176777839660645,2.716440200805664,-1.8012375831604004
resid_nc_hm_4380000,random,,3,0.5,15,0.3519,0.0,1.012,3.7897651195526123,3.9007632732391357,0.11099815368652344
resid_nc_hm_4380000,random,,3,1.0,0,0.1483,0.0,1.092,4.014235019683838,4.361926555633545,0.34769153594970703
resid_nc_hm_4380000,random,,3,1.0,1,0.1637,0.0,0.468,5.142242908477783,4.129088878631592,-1.0131540298461914
resid_nc_hm_4380000,random,,3,1.0,2,0.1969,0.0,0.960,4.6440043449401855,3.9412364959716797,-0.7027678489685059
resid_nc_hm_4380000,random,,3,1.0,3,0.0543,0.0,0.561,4.763792514801025,2.291783094406128,-2.4720094203948975
resid_nc_hm_4380000,random,,3,1.0,4,0.3183,0.0,0.913,4.12262487411499,4.432836055755615,0.310211181640625
resid_nc_hm_4380000,random,,3,1.0,5,0.2207,0.0,0.840,3.5913493633270264,2.544814109802246,-1.0465352535247803
resid_nc_hm_4380000,random,,3,1.0,6,0.2322,0.0,1.037,4.606716632843018,3.929462432861328,-0.6772541999816895
resid_nc_hm_4380000,random,,3,1.0,7,0.0643,0.0,1.450,4.409839630126953,2.206134080886841,-2.2037055492401123
resid_nc_hm_4380000,random,,3,1.0,8,0.2204,0.0,0.955,4.883808612823486,3.2061595916748047,-1.6776490211486816
resid_nc_hm_4380000,random,,3,1.0,9,0.2268,0.0,1.080,3.674440383911133,3.739649534225464,0.06520915031433105
resid_nc_hm_4380000,random,,3,1.0,10,0.0978,0.0,0.500,5.874290943145752,3.263414144515991,-2.6108767986297607
resid_nc_hm_4380000,random,,3,1.0,11,0.0748,0.0,0.619,4.389575004577637,1.4965013265609741,-2.8930736780166626
resid_nc_hm_4380000,random,,3,1.0,12,0.3084,0.0,1.058,3.9506313800811768,4.195201873779297,0.24457049369812012
resid_nc_hm_4380000,random,,3,1.0,13,0.2665,0.0,1.030,4.270444393157959,3.400027275085449,-0.8704171180725098
resid_nc_hm_4380000,random,,3,1.0,14,0.2952,0.0,1.313,4.5176777839660645,2.702838182449341,-1.8148396015167236
resid_nc_hm_4380000,random,,3,1.0,15,0.3110,0.0,1.156,3.7897651195526123,4.647714614868164,0.8579494953155518
resid_nc_hm_4380000,random,,4,0.25,0,0.2000,0.0,1.142,4.014235019683838,5.451535701751709,1.437300682067871
resid_nc_hm_4380000,random,,4,0.25,1,0.8186,0.0,0.974,5.142242908477783,4.819244384765625,-0.3229985237121582
resid_nc_hm_4380000,random,,4,0.25,2,0.3412,0.0,1.010,4.6440043449401855,4.210281848907471,-0.43372249603271484
resid_nc_hm_4380000,random,,4,0.25,3,0.2098,0.0,1.122,4.763792514801025,5.424899578094482,0.661107063293457
resid_nc_hm_4380000,random,,4,0.25,4,0.3255,0.0,0.974,4.12262487411499,2.837970733642578,-1.284654140472412
resid_nc_hm_4380000,random,,4,0.25,5,0.5603,0.0,0.989,3.5913493633270264,4.345418930053711,0.7540695667266846
resid_nc_hm_4380000,random,,4,0.25,6,0.5431,0.0,1.073,4.606716632843018,4.126622676849365,-0.48009395599365234
resid_nc_hm_4380000,random,,4,0.25,7,0.2083,0.0,1.310,4.409839630126953,3.8883931636810303,-0.5214464664459229
resid_nc_hm_4380000,random,,4,0.25,8,0.4354,0.0,0.990,4.883808612823486,4.290149211883545,-0.5936594009399414
resid_nc_hm_4380000,random,,4,0.25,9,0.4531,0.0,1.067,3.674440383911133,3.5909347534179688,-0.08350563049316406
resid_nc_hm_4380000,random,,4,0.25,10,0.4145,0.0,1.039,5.874290943145752,6.321048736572266,0.44675779342651367
resid_nc_hm_4380000,random,,4,0.25,11,0.3432,0.0,1.181,4.389575004577637,4.9544997215271,0.5649247169494629
resid_nc_hm_4380000,random,,4,0.25,12,0.3676,0.0,0.924,3.9506313800811768,4.962471008300781,1.0118396282196045
resid_nc_hm_4380000,random,,4,0.25,13,0.3226,0.0,1.086,4.270444393157959,4.920365810394287,0.6499214172363281
resid_nc_hm_4380000,random,,4,0.25,14,0.3578,0.0,1.021,4.5176777839660645,4.9466166496276855,0.4289388656616211
resid_nc_hm_4380000,random,,4,0.25,15,0.4356,0.0,1.119,3.7897651195526123,4.576686859130859,0.7869217395782471
resid_nc_hm_4380000,random,,4,0.5,0,0.1637,0.0,1.175,4.014235019683838,6.239931106567383,2.225696086883545
resid_nc_hm_4380000,random,,4,0.5,1,0.3828,0.0,0.825,5.142242908477783,5.53359317779541,0.39135026931762695
resid_nc_hm_4380000,random,,4,0.5,2,0.2392,0.0,0.854,4.6440043449401855,5.413674831390381,0.7696704864501953
resid_nc_hm_4380000,random,,4,0.5,3,0.0581,0.0,1.183,4.763792514801025,5.931402683258057,1.1676101684570312
resid_nc_hm_4380000,random,,4,0.5,4,0.2899,0.0,0.939,4.12262487411499,4.322391510009766,0.1997666358947754
resid_nc_hm_4380000,random,,4,0.5,5,0.5121,0.0,1.043,3.5913493633270264,5.607475280761719,2.0161259174346924
resid_nc_hm_4380000,random,,4,0.5,6,0.2135,0.0,0.884,4.606716632843018,5.810600280761719,1.2038836479187012
resid_nc_hm_4380000,random,,4,0.5,7,0.1666,0.0,1.240,4.409839630126953,5.721740245819092,1.3119006156921387
resid_nc_hm_4380000,random,,4,0.5,8,0.2817,0.0,1.080,4.883808612823486,3.0260860919952393,-1.857722520828247
resid_nc_hm_4380000,random,,4,0.5,9,0.4217,0.0,1.117,3.674440383911133,3.9777872562408447,0.3033468723297119
resid_nc_hm_4380000,random,,4,0.5,10,0.2425,0.0,0.916,5.874290943145752,6.287003517150879,0.41271257400512695
resid_nc_hm_4380000,random,,4,0.5,11,0.2949,0.0,1.148,4.389575004577637,5.7144646644592285,1.3248896598815918
resid_nc_hm_4380000,random,,4,0.5,12,0.3371,0.0,0.901,3.9506313800811768,5.225510120391846,1.274878740310669
resid_nc_hm_4380000,random,,4,0.5,13,0.2265,0.0,0.904,4.270444393157959,5.021671772003174,0.7512273788452148
resid_nc_hm_4380000,random,,4,0.5,14,0.2166,0.0,1.021,4.5176777839660645,5.285241603851318,0.7675638198852539
resid_nc_hm_4380000,random,,4,0.5,15,0.2993,0.0,1.212,3.7897651195526123,4.252618312835693,0.46285319328308105
resid_nc_hm_4380000,random,,4,1.0,0,0.1555,0.0,1.100,4.014235019683838,6.725214958190918,2.71097993850708
resid_nc_hm_4380000,random,,4,1.0,1,0.2918,0.0,0.851,5.142242908477783,5.728374481201172,0.5861315727233887
resid_nc_hm_4380000,random,,4,1.0,2,0.1826,0.0,0.854,4.6440043449401855,5.366190433502197,0.7221860885620117
resid_nc_hm_4380000,random,,4,1.0,3,0.0920,0.0,1.415,4.763792514801025,6.184392929077148,1.420600414276123
resid_nc_hm_4380000,random,,4,1.0,4,0.2365,0.0,0.929,4.12262487411499,5.207576274871826,1.084951400756836
resid_nc_hm_4380000,random,,4,1.0,5,0.3459,0.0,1.000,3.5913493633270264,5.308769702911377,1.7174203395843506
resid_nc_hm_4380000,random,,4,1.0,6,0.1972,0.0,1.006,4.606716632843018,5.672032833099365,1.0653162002563477
resid_nc_hm_4380000,random,,4,1.0,7,0.1354,0.0,1.260,4.409839630126953,6.3297600746154785,1.9199204444885254
resid_nc_hm_4380000,random,,4,1.0,8,0.1847,0.0,0.874,4.883808612823486,5.0999274253845215,0.21611881256103516
resid_nc_hm_4380000,random,,4,1.0,9,0.1995,0.0,1.000,3.674440383911133,4.459379196166992,0.7849388122558594
resid_nc_hm_4380000,random,,4,1.0,10,0.2121,0.0,0.949,5.874290943145752,6.297774791717529,0.42348384857177734
resid_nc_hm_4380000,random,,4,1.0,11,0.2376,0.0,1.206,4.389575004577637,5.205613613128662,0.8160386085510254
resid_nc_hm_4380000,random,,4,1.0,12,0.2234,0.0,0.890,3.9506313800811768,5.500553131103516,1.5499217510223389
resid_nc_hm_4380000,random,,4,1.0,13,0.1998,0.0,0.778,4.270444393157959,4.804658889770508,0.5342144966125488
resid_nc_hm_4380000,random,,4,1.0,14,0.2124,0.0,0.944,4.5176777839660645,4.985914707183838,0.46823692321777344
resid_nc_hm_4380000,random,,4,1.0,15,0.2338,0.0,1.081,3.7897651195526123,5.196300983428955,1.4065358638763428
resid_nc_hm_4380000,random,,5,0.25,0,0.2535,0.0,1.175,4.014235019683838,3.08660888671875,-0.9276261329650879
resid_nc_hm_4380000,random,,5,0.25,1,0.6935,0.0,0.831,5.142242908477783,5.023344039916992,-0.11889886856079102
resid_nc_hm_4380000,random,,5,0.25,2,0.4286,0.0,0.975,4.6440043449401855,4.37179708480835,-0.27220726013183594
resid_nc_hm_4380000,random,,5,0.25,3,0.1494,0.0,0.878,4.763792514801025,3.2979238033294678,-1.4658687114715576
resid_nc_hm_4380000,random,,5,0.25,4,0.4691,0.0,0.944,4.12262487411499,3.8894834518432617,-0.23314142227172852
resid_nc_hm_4380000,random,,5,0.25,5,0.5957,0.0,1.053,3.5913493633270264,4.119796276092529,0.5284469127655029
resid_nc_hm_4380000,random,,5,0.25,6,0.6114,0.0,0.921,4.606716632843018,4.614439487457275,0.0077228546142578125
resid_nc_hm_4380000,random,,5,0.25,7,0.2639,0.0,1.210,4.409839630126953,4.57326078414917,0.1634211540222168
resid_nc_hm_4380000,random,,5,0.25,8,0.3739,0.0,0.945,4.883808612823486,4.7161736488342285,-0.1676349639892578
resid_nc_hm_4380000,random,,5,0.25,9,0.4193,0.0,1.067,3.674440383911133,3.6711997985839844,-0.0032405853271484375
resid_nc_hm_4380000,random,,5,0.25,10,0.2828,0.0,0.910,5.874290943145752,5.748498439788818,-0.1257925033569336
resid_nc_hm_4380000,random,,5,0.25,11,0.2847,0.0,0.935,4.389575004577637,3.189622163772583,-1.1999528408050537
resid_nc_hm_4380000,random,,5,0.25,12,0.2934,0.0,1.041,3.9506313800811768,4.550913333892822,0.6002819538116455
resid_nc_hm_4380000,random,,5,0.25,13,0.4748,0.0,1.020,4.270444393157959,4.388355731964111,0.11791133880615234
resid_nc_hm_4380000,random,,5,0.25,14,0.3505,0.0,0.954,4.5176777839660645,4.475214958190918,-0.042462825775146484
resid_nc_hm_4380000,random,,5,0.25,15,0.3975,0.0,1.113,3.7897651195526123,3.881190538406372,0.09142541885375977
resid_nc_hm_4380000,random,,5,0.5,0,0.1819,0.0,1.208,4.014235019683838,4.357459545135498,0.34322452545166016
resid_nc_hm_4380000,random,,5,0.5,1,0.4309,0.0,0.604,5.142242908477783,5.26573371887207,0.12349081039428711
resid_nc_hm_4380000,random,,5,0.5,2,0.3478,0.0,0.965,4.6440043449401855,3.832010269165039,-0.8119940757751465
resid_nc_hm_4380000,random,,5,0.5,3,0.0569,0.0,0.561,4.763792514801025,2.017136335372925,-2.7466561794281006
resid_nc_hm_4380000,random,,5,0.5,4,0.3092,0.0,1.036,4.12262487411499,3.8109629154205322,-0.311661958694458
resid_nc_hm_4380000,random,,5,0.5,5,0.5430,0.0,1.064,3.5913493633270264,4.274837970733643,0.6834886074066162
resid_nc_hm_4380000,random,,5,0.5,6,0.3601,0.0,1.037,4.606716632843018,3.8178329467773438,-0.7888836860656738
resid_nc_hm_4380000,random,,5,0.5,7,0.0966,0.0,1.110,4.409839630126953,3.906956195831299,-0.5028834342956543
resid_nc_hm_4380000,random,,5,0.5,8,0.2945,0.0,0.985,4.883808612823486,4.3505330085754395,-0.5332756042480469
resid_nc_hm_4380000,random,,5,0.5,9,0.4686,0.0,1.092,3.674440383911133,3.115424394607544,-0.5590159893035889
resid_nc_hm_4380000,random,,5,0.5,10,0.1770,0.0,0.826,5.874290943145752,3.572885513305664,-2.301405429840088
resid_nc_hm_4380000,random,,5,0.5,11,0.2518,0.0,0.845,4.389575004577637,2.950119733810425,-1.439455270767212
resid_nc_hm_4380000,random,,5,0.5,12,0.3254,0.0,1.070,3.9506313800811768,3.9167468547821045,-0.033884525299072266
resid_nc_hm_4380000,random,,5,0.5,13,0.3169,0.0,1.081,4.270444393157959,3.061314344406128,-1.209130048751831
resid_nc_hm_4380000,random,,5,0.5,14,0.3612,0.0,1.169,4.5176777839660645,3.316822052001953,-1.2008557319641113
resid_nc_hm_4380000,random,,5,0.5,15,0.3276,0.0,1.094,3.7897651195526123,3.54154896736145,-0.2482161521911621
resid_nc_hm_4380000,random,,5,1.0,0,0.1949,0.0,0.883,4.014235019683838,3.122781753540039,-0.8914532661437988
resid_nc_hm_4380000,random,,5,1.0,1,0.1982,0.0,0.740,5.142242908477783,3.8871519565582275,-1.2550909519195557
resid_nc_hm_4380000,random,,5,1.0,2,0.2320,0.0,1.030,4.6440043449401855,3.3299083709716797,-1.3140959739685059
resid_nc_hm_4380000,random,,5,1.0,3,0.0543,0.0,0.561,4.763792514801025,2.058440685272217,-2.7053518295288086
resid_nc_hm_4380000,random,,5,1.0,4,0.1858,0.0,0.918,4.12262487411499,2.641404867172241,-1.481220006942749
resid_nc_hm_4380000,random,,5,1.0,5,0.1745,0.0,0.644,3.5913493633270264,3.03753924369812,-0.5538101196289062
resid_nc_hm_4380000,random,,5,1.0,6,0.1475,0.0,0.988,4.606716632843018,3.079678535461426,-1.5270380973815918
resid_nc_hm_4380000,random,,5,1.0,7,0.0959,0.0,1.330,4.409839630126953,3.6132261753082275,-0.7966134548187256
resid_nc_hm_4380000,random,,5,1.0,8,0.2187,0.0,1.196,4.883808612823486,3.244307279586792,-1.6395013332366943
resid_nc_hm_4380000,random,,5,1.0,9,0.2411,0.0,1.172,3.674440383911133,2.8754546642303467,-0.7989857196807861
resid_nc_hm_4380000,random,,5,1.0,10,0.1375,0.0,0.921,5.874290943145752,2.5024383068084717,-3.3718526363372803
resid_nc_hm_4380000,random,,5,1.0,11,0.2471,0.0,1.316,4.389575004577637,3.2915852069854736,-1.097989797592163
resid_nc_hm_4380000,random,,5,1.0,12,0.2115,0.0,0.942,3.9506313800811768,3.37460994720459,-0.5760214328765869
resid_nc_hm_4380000,random,,5,1.0,13,0.2976,0.0,1.126,4.270444393157959,3.0566437244415283,-1.2138006687164307
resid_nc_hm_4380000,random,,5,1.0,14,0.3163,0.0,1.169,4.5176777839660645,3.004728317260742,-1.5129494667053223
resid_nc_hm_4380000,random,,5,1.0,15,0.2277,0.0,1.469,3.7897651195526123,2.529304265975952,-1.2604608535766602
resid_nc_hm_4380000,random,,6,0.25,0,0.3292,0.0,1.033,4.014235019683838,5.015501976013184,1.0012669563293457
resid_nc_hm_4380000,random,,6,0.25,1,0.6467,0.0,0.909,5.142242908477783,5.945005893707275,0.8027629852294922
resid_nc_hm_4380000,random,,6,0.25,2,0.3847,0.0,0.939,4.6440043449401855,4.489622592926025,-0.15438175201416016
resid_nc_hm_4380000,random,,6,0.25,3,0.2229,0.0,0.963,4.763792514801025,4.620273113250732,-0.14351940155029297
resid_nc_hm_4380000,random,,6,0.25,4,0.2440,0.0,0.954,4.12262487411499,3.618382692337036,-0.5042421817779541
resid_nc_hm_4380000,random,,6,0.25,5,0.4796,0.0,1.027,3.5913493633270264,4.465731620788574,0.8743822574615479
resid_nc_hm_4380000,random,,6,0.25,6,0.3670,0.0,0.896,4.606716632843018,4.02189302444458,-0.5848236083984375
resid_nc_hm_4380000,random,,6,0.25,7,0.2282,0.0,0.920,4.409839630126953,4.625358581542969,0.21551895141601562
resid_nc_hm_4380000,random,,6,0.25,8,0.3390,0.0,0.884,4.883808612823486,3.6533851623535156,-1.2304234504699707
resid_nc_hm_4380000,random,,6,0.25,9,0.4528,0.0,0.963,3.674440383911133,3.4471025466918945,-0.22733783721923828
resid_nc_hm_4380000,random,,6,0.25,10,0.3296,0.0,0.944,5.874290943145752,5.057820796966553,-0.8164701461791992
resid_nc_hm_4380000,random,,6,0.25,11,0.0873,0.0,0.742,4.389575004577637,3.406285047531128,-0.9832899570465088
resid_nc_hm_4380000,random,,6,0.25,12,0.4692,0.0,1.041,3.9506313800811768,4.554646015167236,0.6040146350860596
resid_nc_hm_4380000,random,,6,0.25,13,0.4015,0.0,0.939,4.270444393157959,4.1397624015808105,-0.13068199157714844
resid_nc_hm_4380000,random,,6,0.25,14,0.3636,0.0,0.918,4.5176777839660645,4.035179615020752,-0.4824981689453125
resid_nc_hm_4380000,random,,6,0.25,15,0.5513,0.0,1.113,3.7897651195526123,3.4024314880371094,-0.38733363151550293
resid_nc_hm_4380000,random,,6,0.5,0,0.2043,0.0,1.217,4.014235019683838,3.908884048461914,-0.10535097122192383
resid_nc_hm_4380000,random,,6,0.5,1,0.3381,0.0,0.851,5.142242908477783,6.249116897583008,1.1068739891052246
resid_nc_hm_4380000,random,,6,0.5,2,0.2857,0.0,0.828,4.6440043449401855,4.177063465118408,-0.46694087982177734
resid_nc_hm_4380000,random,,6,0.5,3,0.1835,0.0,1.024,4.763792514801025,5.053041934967041,0.2892494201660156
resid_nc_hm_4380000,random,,6,0.5,4,0.1944,0.0,0.929,4.12262487411499,3.6694507598876953,-0.4531741142272949
resid_nc_hm_4380000,random,,6,0.5,5,0.5107,0.0,1.053,3.5913493633270264,3.939912796020508,0.34856343269348145
resid_nc_hm_4380000,random,,6,0.5,6,0.3191,0.0,0.835,4.606716632843018,4.520251274108887,-0.08646535873413086
resid_nc_hm_4380000,random,,6,0.5,7,0.1536,0.0,1.000,4.409839630126953,3.976433515548706,-0.43340611457824707
resid_nc_hm_4380000,random,,6,0.5,8,0.2553,0.0,1.080,4.883808612823486,3.584441900253296,-1.2993667125701904
resid_nc_hm_4380000,random,,6,0.5,9,0.3697,0.0,0.975,3.674440383911133,3.4239161014556885,-0.25052428245544434
resid_nc_hm_4380000,random,,6,0.5,10,0.3448,0.0,0.978,5.874290943145752,5.888220310211182,0.013929367065429688
resid_nc_hm_4380000,random,,6,0.5,11,0.2132,0.0,1.026,4.389575004577637,4.556900501251221,0.16732549667358398
resid_nc_hm_4380000,random,,6,0.5,12,0.2908,0.0,0.953,3.9506313800811768,5.014462947845459,1.0638315677642822
resid_nc_hm_4380000,random,,6,0.5,13,0.2890,0.0,0.955,4.270444393157959,4.871222972869873,0.6007785797119141
resid_nc_hm_4380000,random,,6,0.5,14,0.3459,0.0,1.113,4.5176777839660645,3.3774821758270264,-1.140195608139038
resid_nc_hm_4380000,random,,6,0.5,15,0.4495,0.0,1.062,3.7897651195526123,3.2552337646484375,-0.5345313549041748
resid_nc_hm_4380000,random,,6,1.0,0,0.0332,0.0,0.775,4.014235019683838,3.0540719032287598,-0.9601631164550781
resid_nc_hm_4380000,random,,6,1.0,1,0.2255,0.0,0.948,5.142242908477783,4.829267501831055,-0.3129754066467285
resid_nc_hm_4380000,random,,6,1.0,2,0.2267,0.0,0.788,4.6440043449401855,4.557950496673584,-0.08605384826660156
resid_nc_hm_4380000,random,,6,1.0,3,0.0506,0.0,1.524,4.763792514801025,5.7172675132751465,0.9534749984741211
resid_nc_hm_4380000,random,,6,1.0,4,0.2270,0.0,0.913,4.12262487411499,4.534878730773926,0.41225385665893555
resid_nc_hm_4380000,random,,6,1.0,5,0.2075,0.0,0.968,3.5913493633270264,2.4719645977020264,-1.119384765625
resid_nc_hm_4380000,random,,6,1.0,6,0.0986,0.0,0.841,4.606716632843018,3.2446916103363037,-1.3620250225067139
resid_nc_hm_4380000,random,,6,1.0,7,0.1079,0.0,1.300,4.409839630126953,4.8958587646484375,0.4860191345214844
resid_nc_hm_4380000,random,,6,1.0,8,0.2637,0.0,1.216,4.883808612823486,3.250349998474121,-1.6334586143493652
resid_nc_hm_4380000,random,,6,1.0,9,0.2885,0.0,1.282,3.674440383911133,3.7790920734405518,0.10465168952941895
resid_nc_hm_4380000,random,,6,1.0,10,0.1814,0.0,0.871,5.874290943145752,5.84203577041626,-0.03225517272949219
resid_nc_hm_4380000,random,,6,1.0,11,0.2263,0.0,1.148,4.389575004577637,5.174357891082764,0.784782886505127
resid_nc_hm_4380000,random,,6,1.0,12,0.2532,0.0,0.988,3.9506313800811768,4.985861301422119,1.0352299213409424
resid_nc_hm_4380000,random,,6,1.0,13,0.1876,0.0,0.758,4.270444393157959,4.670077800750732,0.39963340759277344
resid_nc_hm_4380000,random,,6,1.0,14,0.1859,0.0,0.795,4.5176777839660645,5.098849773406982,0.581171989440918
resid_nc_hm_4380000,random,,6,1.0,15,0.2875,0.0,1.369,3.7897651195526123,3.2972395420074463,-0.492525577545166
resid_nc_hm_4380000,random,,7,0.25,0,0.5348,0.0,1.100,4.014235019683838,4.056210041046143,0.04197502136230469
resid_nc_hm_4380000,random,,7,0.25,1,0.4394,0.0,0.552,5.142242908477783,5.604716777801514,0.46247386932373047
resid_nc_hm_4380000,random,,7,0.25,2,0.4527,0.0,0.960,4.6440043449401855,4.271150588989258,-0.37285375595092773
resid_nc_hm_4380000,random,,7,0.25,3,0.2240,0.0,1.024,4.763792514801025,4.775282382965088,0.0114898681640625
resid_nc_hm_4380000,random,,7,0.25,4,0.4202,0.0,0.913,4.12262487411499,3.877214193344116,-0.24541068077087402
resid_nc_hm_4380000,random,,7,0.25,5,0.6717,0.0,0.941,3.5913493633270264,3.898998260498047,0.3076488971710205
resid_nc_hm_4380000,random,,7,0.25,6,0.7128,0.0,0.945,4.606716632843018,4.958262920379639,0.3515462875366211
resid_nc_hm_4380000,random,,7,0.25,7,0.1482,0.0,1.010,4.409839630126953,4.323546886444092,-0.08629274368286133
resid_nc_hm_4380000,random,,7,0.25,8,0.3624,0.0,0.819,4.883808612823486,4.222921848297119,-0.6608867645263672
resid_nc_hm_4380000,random,,7,0.25,9,0.3426,0.0,0.914,3.674440383911133,3.8501741886138916,0.1757338047027588
resid_nc_hm_4380000,random,,7,0.25,10,0.3774,0.0,0.865,5.874290943145752,5.446744441986084,-0.42754650115966797
resid_nc_hm_4380000,random,,7,0.25,11,0.0349,0.0,0.716,4.389575004577637,2.2305195331573486,-2.159055471420288
resid_nc_hm_4380000,random,,7,0.25,12,0.4883,0.0,1.029,3.9506313800811768,4.463565349578857,0.5129339694976807
resid_nc_hm_4380000,random,,7,0.25,13,0.3650,0.0,1.010,4.270444393157959,3.9737813472747803,-0.2966630458831787
resid_nc_hm_4380000,random,,7,0.25,14,0.3270,0.0,0.954,4.5176777839660645,3.661628007888794,-0.8560497760772705
resid_nc_hm_4380000,random,,7,0.25,15,0.4162,0.0,0.944,3.7897651195526123,3.7640838623046875,-0.025681257247924805
resid_nc_hm_4380000,random,,7,0.5,0,0.1167,0.0,0.908,4.014235019683838,2.9460649490356445,-1.0681700706481934
resid_nc_hm_4380000,random,,7,0.5,1,0.3138,0.0,0.461,5.142242908477783,4.997700214385986,-0.14454269409179688
resid_nc_hm_4380000,random,,7,0.5,2,0.3018,0.0,0.955,4.6440043449401855,3.9557533264160156,-0.6882510185241699
resid_nc_hm_4380000,random,,7,0.5,3,0.1746,0.0,1.159,4.763792514801025,4.340154647827148,-0.42363786697387695
resid_nc_hm_4380000,random,,7,0.5,4,0.3550,0.0,1.173,4.12262487411499,3.2234649658203125,-0.8991599082946777
resid_nc_hm_4380000,random,,7,0.5,5,0.3823,0.0,0.936,3.5913493633270264,4.252735614776611,0.661386251449585
resid_nc_hm_4380000,random,,7,0.5,6,0.5034,0.0,0.970,4.606716632843018,4.511640548706055,-0.09507608413696289
resid_nc_hm_4380000,random,,7,0.5,7,0.1525,0.0,1.310,4.409839630126953,4.264369010925293,-0.14547061920166016
resid_nc_hm_4380000,random,,7,0.5,8,0.3282,0.0,1.000,4.883808612823486,3.9997787475585938,-0.8840298652648926
resid_nc_hm_4380000,random,,7,0.5,9,0.3443,0.0,1.055,3.674440383911133,3.5323944091796875,-0.1420459747314453
resid_nc_hm_4380000,random,,7,0.5,10,0.2666,0.0,0.904,5.874290943145752,4.997207164764404,-0.8770837783813477
resid_nc_hm_4380000,random,,7,0.5,11,0.2543,0.0,0.942,4.389575004577637,3.7873871326446533,-0.6021878719329834
resid_nc_hm_4380000,random,,7,0.5,12,0.2393,0.0,1.017,3.9506313800811768,2.7891108989715576,-1.1615204811096191
resid_nc_hm_4380000,random,,7,0.5,13,0.3291,0.0,0.924,4.270444393157959,4.61581563949585,0.3453712463378906
resid_nc_hm_4380000,random,,7,0.5,14,0.2298,0.0,0.918,4.5176777839660645,3.7782299518585205,-0.739447832107544
resid_nc_hm_4380000,random,,7,0.5,15,0.3805,0.0,0.988,3.7897651195526123,4.0017900466918945,0.21202492713928223
resid_nc_hm_4380000,random,,7,1.0,0,0.1634,0.0,1.758,4.014235019683838,2.653588056564331,-1.3606469631195068
resid_nc_hm_4380000,random,,7,1.0,1,0.0185,0.0,0.597,5.142242908477783,1.8542124032974243,-3.288030505180359
resid_nc_hm_4380000,random,,7,1.0,2,0.2187,0.0,0.798,4.6440043449401855,3.231799364089966,-1.4122049808502197
resid_nc_hm_4380000,random,,7,1.0,3,0.0250,0.0,2.341,4.763792514801025,2.9336650371551514,-1.830127477645874
resid_nc_hm_4380000,random,,7,1.0,4,0.2410,0.0,1.056,4.12262487411499,3.0961310863494873,-1.026493787765503
resid_nc_hm_4380000,random,,7,1.0,5,0.2978,0.0,1.090,3.5913493633270264,3.2610435485839844,-0.330305814743042
resid_nc_hm_4380000,random,,7,1.0,6,0.2191,0.0,1.177,4.606716632843018,3.147841453552246,-1.4588751792907715
resid_nc_hm_4380000,random,,7,1.0,7,0.0644,0.0,2.630,4.409839630126953,2.1923446655273438,-2.2174949645996094
resid_nc_hm_4380000,random,,7,1.0,8,0.2474,0.0,1.121,4.883808612823486,3.2287075519561768,-1.6551010608673096
resid_nc_hm_4380000,random,,7,1.0,9,0.2451,0.0,1.417,3.674440383911133,3.3958780765533447,-0.2785623073577881
resid_nc_hm_4380000,random,,7,1.0,10,0.1345,0.0,0.624,5.874290943145752,2.4345340728759766,-3.4397568702697754
resid_nc_hm_4380000,random,,7,1.0,11,0.2132,0.0,1.155,4.389575004577637,3.751521348953247,-0.6380536556243896
resid_nc_hm_4380000,random,,7,1.0,12,0.2094,0.0,0.930,3.9506313800811768,3.382326126098633,-0.568305253982544
resid_nc_hm_4380000,random,,7,1.0,13,0.3457,0.0,1.096,4.270444393157959,3.4275104999542236,-0.8429338932037354
resid_nc_hm_4380000,random,,7,1.0,14,0.2545,0.0,0.969,4.5176777839660645,3.787921190261841,-0.7297565937042236
resid_nc_hm_4380000,random,,7,1.0,15,0.4134,0.0,1.300,3.7897651195526123,3.2429659366607666,-0.5467991828918457
