step,layer,n_frozen,mean_top_share,mean_usage_bits,mean_churn,mean_KL_m
10000,0,4,0.752686,1.40997,,0.54725
10000,1,22,0.912453,0.33511,,1.44106
10000,2,16,0.847931,0.53979,,0.24382
10000,3,11,0.713089,1.09708,,0.01335
10000,4,0,0.590668,1.72762,,0.00355
20000,0,0,0.749443,1.00679,0.264702,1.96486
20000,1,11,0.879692,0.49243,0.318565,3.6187
20000,2,4,0.770958,0.83475,0.579689,0.63434
20000,3,0,0.692314,1.16023,0.759354,0.05538
20000,4,0,0.639023,1.42063,0.770821,0.00891
30000,0,0,0.348763,2.27348,0.5252,2.20007
30000,1,0,0.36747,2.77614,0.651993,1.81606
30000,2,0,0.351143,2.60715,0.78521,1.30908
30000,3,0,0.405235,2.43371,0.752594,0.26842
30000,4,0,0.438164,2.36546,0.767052,0.02221
40000,0,0,0.185028,3.47311,0.516563,1.17418
40000,1,0,0.164474,4.03462,0.72657,0.61769
40000,2,0,0.141815,3.94172,0.839867,0.52061
40000,3,0,0.20842,3.38851,0.822159,0.35898
40000,4,0,0.336464,2.79758,0.755043,0.05285
50000,0,0,0.140594,3.98547,0.348679,0.64018
50000,1,0,0.11393,4.36569,0.6875,0.26309
50000,2,0,0.156937,4.12756,0.835319,0.25655
50000,3,0,0.213066,3.77993,0.867691,0.18506
50000,4,0,0.343613,2.87532,0.839081,0.08339
60000,0,0,0.114082,4.22716,0.221405,0.47534
60000,1,0,0.088203,4.51679,0.379105,0.1494
60000,2,0,0.158798,4.15667,0.5952,0.17381
60000,3,0,0.201614,3.77696,0.749352,0.14489
60000,4,0,0.3209,3.01283,0.813675,0.09737
70000,0,0,0.100746,4.34904,0.154518,0.40642
70000,1,0,0.084076,4.59362,0.290779,0.10361
70000,2,0,0.112129,4.42179,0.504585,0.1224
70000,3,0,0.146973,4.18229,0.704437,0.10399
70000,4,0,0.200722,3.76096,0.817406,0.08848
80000,0,0,0.093346,4.4153,0.111603,0.3706
80000,1,0,0.079643,4.63634,0.254707,0.08335
80000,2,0,0.124237,4.36221,0.476601,0.11602
80000,3,0,0.169312,4.01444,0.698791,0.11498
80000,4,0,0.277138,3.37714,0.817841,0.11017
90000,0,0,0.088882,4.45685,0.089912,0.34123
90000,1,0,0.075058,4.65034,0.238449,0.07376
90000,2,0,0.144081,4.30655,0.485985,0.11636
90000,3,0,0.185867,3.96717,0.705894,0.11359
90000,4,0,0.274551,3.45717,0.822739,0.10902
100000,0,0,0.084564,4.49198,0.081406,0.31045
100000,1,0,0.082207,4.6363,0.250839,0.06895
100000,2,0,0.143158,4.23042,0.502296,0.11821
100000,3,0,0.243042,3.66013,0.721649,0.12775
100000,4,0,0.314987,3.1775,0.828194,0.12501
110000,0,0,0.08728,4.48495,0.086563,0.2879
110000,1,0,0.298706,3.42007,0.632111,0.20419
110000,2,0,0.318596,3.25671,0.791496,0.24188
110000,3,0,0.583191,1.73909,0.914909,0.35765
110000,4,0,0.511169,2.06324,0.927216,0.20154
120000,0,0,0.079895,4.54274,0.088982,0.25828
120000,1,0,0.081856,4.64885,0.663887,0.0558
120000,2,0,0.14962,4.25271,0.793594,0.10683
120000,3,0,0.212685,3.78732,0.929565,0.14001
120000,4,0,0.263939,3.40871,0.932404,0.13675
130000,0,0,0.078056,4.56053,0.067505,0.24064
130000,1,0,0.074226,4.70219,0.270088,0.04794
130000,2,0,0.129234,4.34794,0.51725,0.09463
130000,3,0,0.211746,3.92903,0.730873,0.11142
130000,4,0,0.193642,3.90862,0.846725,0.10385
140000,0,0,0.075729,4.57795,0.066872,0.2226
140000,1,0,0.075279,4.70488,0.227806,0.04512
140000,2,0,0.132561,4.37345,0.472374,0.09183
140000,3,0,0.184776,4.05278,0.678032,0.10644
140000,4,0,0.178902,4.00988,0.814972,0.09288
150000,0,0,0.07338,4.59469,0.066109,0.20505
150000,1,0,0.084938,4.65821,0.259392,0.04811
150000,2,0,0.162201,4.13266,0.520515,0.11414
150000,3,0,0.227501,3.72062,0.704948,0.13377
150000,4,0,0.279015,3.51566,0.840935,0.1138
160000,0,0,0.071884,4.6102,0.067604,0.1896
160000,1,0,0.084915,4.65887,0.302811,0.04521
160000,2,0,0.169693,4.15387,0.562683,0.11014
160000,3,0,0.23349,3.83139,0.742279,0.12296
160000,4,0,0.212509,3.8212,0.877441,0.09403
170000,0,0,0.071762,4.61498,0.061485,0.18017
170000,1,0,0.0867,4.64203,0.279785,0.04679
170000,2,0,0.16584,4.15434,0.545212,0.11266
170000,3,0,0.176559,3.95408,0.735405,0.1283
170000,4,0,0.230469,3.78057,0.877823,0.10361
180000,0,0,0.070312,4.62458,0.061195,0.1653
180000,1,0,0.097092,4.60358,0.313972,0.04899
180000,2,0,0.17765,4.0841,0.585495,0.11532
180000,3,0,0.225899,3.77828,0.745575,0.12871
180000,4,0,0.248451,3.66534,0.879906,0.10803
190000,0,0,0.068916,4.63648,0.060333,0.15334
190000,1,0,0.081841,4.70776,0.2929,0.03589
190000,2,0,0.147255,4.31074,0.554482,0.09163
190000,3,0,0.144722,4.27644,0.734329,0.08641
190000,4,0,0.14769,4.2853,0.890579,0.05736
200000,0,0,0.068001,4.64603,0.057312,0.14182
200000,1,0,0.090111,4.67787,0.246765,0.03744
200000,2,0,0.150459,4.29416,0.499306,0.09459
200000,3,0,0.152603,4.26978,0.713799,0.08353
200000,4,0,0.156609,4.20757,0.871284,0.05946
210000,0,0,0.067459,4.65305,0.057648,0.13203
210000,1,0,0.098343,4.61553,0.293922,0.04343
210000,2,0,0.151695,4.19966,0.541908,0.10207
210000,3,0,0.175201,4.1025,0.738403,0.0977
210000,4,0,0.181137,3.97501,0.878311,0.07303
220000,0,0,0.066803,4.65998,0.056328,0.12458
220000,1,0,0.097183,4.61702,0.330849,0.04328
220000,2,0,0.163116,4.17729,0.58876,0.09997
220000,3,0,0.172943,4.1203,0.769478,0.09664
220000,4,0,0.184914,4.05272,0.891853,0.06869
230000,0,0,0.066765,4.66541,0.053864,0.11773
230000,1,0,0.09935,4.61706,0.316246,0.04238
230000,2,0,0.152954,4.25483,0.590752,0.09416
230000,3,0,0.153481,4.21938,0.756653,0.088
230000,4,0,0.198303,4.04701,0.888344,0.06816
240000,0,0,0.065117,4.67163,0.052559,0.11263
240000,1,0,0.087303,4.66664,0.300911,0.0359
240000,2,0,0.128403,4.36975,0.547302,0.0838
240000,3,0,0.139969,4.36187,0.739288,0.07213
240000,4,0,0.141319,4.35071,0.878563,0.04776
250000,0,0,0.06472,4.67591,0.051506,0.10768
250000,1,0,0.100098,4.61679,0.289284,0.04198
250000,2,0,0.130402,4.34486,0.540176,0.08348
250000,3,0,0.144966,4.31924,0.743408,0.07542
250000,4,0,0.168907,4.22367,0.882774,0.05469
260000,0,0,0.064522,4.67698,0.052017,0.10339
260000,1,0,0.107384,4.5639,0.327461,0.04676
260000,2,0,0.164269,4.21751,0.582398,0.09459
260000,3,0,0.141968,4.29385,0.765793,0.08111
260000,4,0,0.18113,4.12969,0.885231,0.06433
270000,0,0,0.064644,4.67896,0.051353,0.09938
270000,1,0,0.10434,4.58302,0.33448,0.04441
270000,2,0,0.140976,4.32626,0.587723,0.08039
270000,3,0,0.136047,4.36932,0.767395,0.06991
270000,4,0,0.191849,4.06804,0.881325,0.0655
280000,0,0,0.065132,4.67929,0.050377,0.09645
280000,1,0,0.107658,4.57412,0.344536,0.04376
280000,2,0,0.141991,4.32327,0.604157,0.0804
280000,3,0,0.138916,4.33363,0.784615,0.07197
280000,4,0,0.184738,4.08069,0.908104,0.06598
290000,0,0,0.064224,4.68155,0.050461,0.0926
290000,1,0,0.115463,4.56788,0.340309,0.04475
290000,2,0,0.128716,4.36739,0.582016,0.07601
290000,3,0,0.130997,4.38999,0.783241,0.06617
290000,4,0,0.177284,4.17585,0.891724,0.05505
300000,0,0,0.06514,4.68001,0.050278,0.09024
300000,1,0,0.096527,4.6078,0.339928,0.04127
300000,2,0,0.134346,4.40093,0.575211,0.07142
300000,3,0,0.129646,4.41799,0.768761,0.06392
300000,4,0,0.145294,4.32398,0.885216,0.04849
310000,0,0,0.06501,4.68197,0.050079,0.08867
310000,1,0,0.092407,4.66661,0.300346,0.03393
310000,2,0,0.11026,4.55829,0.545418,0.05475
310000,3,0,0.099472,4.60953,0.760963,0.04502
310000,4,0,0.122093,4.53064,0.894737,0.03055
320000,0,0,0.064911,4.6805,0.048348,0.08532
320000,1,0,0.114845,4.5483,0.30822,0.04476
320000,2,0,0.125465,4.43833,0.547081,0.0673
320000,3,0,0.134567,4.42164,0.760567,0.06332
320000,4,0,0.166367,4.16871,0.898331,0.05517
330000,0,0,0.065819,4.68004,0.049561,0.08268
330000,1,0,0.105164,4.60178,0.353676,0.03915
330000,2,0,0.121353,4.47064,0.581604,0.06294
330000,3,0,0.123062,4.47676,0.770019,0.05582
330000,4,0,0.177208,4.19674,0.904289,0.05548
340000,0,0,0.066551,4.67807,0.050232,0.08021
340000,1,0,0.103439,4.5903,0.347275,0.04181
340000,2,0,0.118744,4.51237,0.572197,0.05908
340000,3,0,0.122131,4.49236,0.770866,0.05628
340000,4,0,0.160332,4.30207,0.892067,0.04696
350000,0,0,0.067001,4.67669,0.048065,0.07799
350000,1,0,0.096901,4.62724,0.340012,0.03735
350000,2,0,0.113487,4.52034,0.570694,0.05818
350000,3,0,0.117889,4.5097,0.770317,0.05354
350000,4,0,0.144325,4.34624,0.892357,0.04443
360000,0,0,0.067192,4.67449,0.04818,0.07491
360000,1,0,0.107574,4.59947,0.332039,0.03823
360000,2,0,0.114059,4.51875,0.57367,0.05662
360000,3,0,0.134499,4.48912,0.77124,0.05395
360000,4,0,0.163811,4.28662,0.892426,0.04682
370000,0,0,0.068291,4.67336,0.04779,0.07187
370000,1,0,0.105446,4.59496,0.341927,0.03835
370000,2,0,0.1129,4.52848,0.561142,0.05597
370000,3,0,0.104401,4.59109,0.757721,0.04328
370000,4,0,0.147942,4.33493,0.883789,0.04506
380000,0,0,0.068062,4.67632,0.047745,0.06803
380000,1,0,0.089615,4.67918,0.327408,0.02975
380000,2,0,0.095551,4.6415,0.563621,0.04334
380000,3,0,0.093918,4.68748,0.770844,0.03341
380000,4,0,0.136414,4.39768,0.904663,0.04081
390000,0,0,0.069435,4.6741,0.048164,0.06407
390000,1,0,0.099533,4.63818,0.328796,0.03462
390000,2,0,0.105461,4.56611,0.572594,0.0494
390000,3,0,0.116951,4.53759,0.785889,0.04548
390000,4,0,0.16584,4.25044,0.916931,0.05062
400000,0,0,0.069046,4.6742,0.047447,0.06067
400000,1,0,0.101402,4.62212,0.358757,0.03483
400000,2,0,0.105049,4.59534,0.591629,0.04659
400000,3,0,0.134361,4.4933,0.801109,0.04715
400000,4,0,0.147858,4.32609,0.914391,0.04771
410000,0,0,0.070228,4.66855,0.046821,0.05828
410000,1,0,0.097298,4.65131,0.354576,0.03175
410000,2,0,0.099441,4.6339,0.578812,0.03967
410000,3,0,0.102272,4.6211,0.786964,0.03771
410000,4,0,0.145973,4.38131,0.908592,0.03878
420000,0,0,0.071175,4.66574,0.047081,0.05812
420000,1,0,0.080246,4.75386,0.298378,0.0201
420000,2,0,0.072197,4.78179,0.534614,0.02523
420000,3,0,0.072609,4.81203,0.76535,0.01917
420000,4,0,0.094643,4.69315,0.91114,0.0163
430000,0,0,0.071678,4.6627,0.046005,0.05458
430000,1,0,0.097656,4.66096,0.298401,0.03068
430000,2,0,0.099602,4.64634,0.530044,0.03763
430000,3,0,0.098206,4.65607,0.757355,0.03264
430000,4,0,0.142029,4.38659,0.904831,0.04118
440000,0,0,0.072914,4.66021,0.047264,0.05489
440000,1,0,0.079109,4.76273,0.303597,0.01926
440000,2,0,0.073181,4.78532,0.533165,0.02486
440000,3,0,0.077057,4.80714,0.755455,0.01837
440000,4,0,0.104462,4.66675,0.906471,0.01681
450000,0,0,0.072655,4.65731,0.046692,0.05207
450000,1,0,0.097481,4.6604,0.292328,0.02971
450000,2,0,0.096153,4.6372,0.526756,0.03873
450000,3,0,0.1063,4.61456,0.750557,0.03521
450000,4,0,0.138161,4.39325,0.902199,0.04056
460000,0,0,0.074196,4.65563,0.046623,0.05161
460000,1,0,0.076866,4.74823,0.301781,0.01992
460000,2,0,0.081574,4.74508,0.540649,0.02742
460000,3,0,0.089272,4.75084,0.772308,0.02161
460000,4,0,0.109276,4.61585,0.908661,0.02166
470000,0,0,0.074196,4.6547,0.046982,0.04877
470000,1,0,0.097252,4.66513,0.300949,0.02811
470000,2,0,0.103973,4.65357,0.54158,0.03503
470000,3,0,0.110809,4.57997,0.77327,0.03413
470000,4,0,0.141998,4.36734,0.914711,0.04233
480000,0,0,0.074982,4.65069,0.047043,0.04828
480000,1,0,0.091591,4.69312,0.327507,0.02472
480000,2,0,0.090179,4.69768,0.548546,0.03223
480000,3,0,0.105927,4.62965,0.763687,0.03047
480000,4,0,0.142479,4.40735,0.905777,0.03679
490000,0,0,0.076019,4.64699,0.046043,0.04772
490000,1,0,0.093452,4.69853,0.307663,0.0247
490000,2,0,0.09668,4.68684,0.532188,0.0311
490000,3,0,0.108643,4.62869,0.755226,0.03205
490000,4,0,0.141594,4.42984,0.898849,0.03632
500000,0,0,0.076096,4.64414,0.046585,0.04599
500000,1,0,0.091728,4.67091,0.320145,0.02818
500000,2,0,0.093056,4.70166,0.538681,0.03031
500000,3,0,0.102501,4.63354,0.746269,0.03127
500000,4,0,0.136398,4.42853,0.894791,0.03902
510000,0,0,0.075867,4.64873,0.046425,0.04377
510000,1,0,0.0924,4.68063,0.333786,0.02636
510000,2,0,0.085983,4.73678,0.52758,0.02645
510000,3,0,0.107254,4.64684,0.726242,0.02721
510000,4,0,0.137337,4.44509,0.875519,0.03487
520000,0,0,0.076324,4.64905,0.045738,0.04197
520000,1,0,0.091324,4.68204,0.341072,0.02708
520000,2,0,0.090126,4.7268,0.517662,0.02604
520000,3,0,0.102539,4.65362,0.718033,0.02786
520000,4,0,0.135094,4.43999,0.868187,0.03535
530000,0,0,0.076538,4.64833,0.045013,0.04041
530000,1,0,0.101517,4.65176,0.353615,0.02827
530000,2,0,0.091759,4.71637,0.535057,0.02759
530000,3,0,0.104996,4.63786,0.731644,0.02872
530000,4,0,0.143845,4.40526,0.879326,0.03774
540000,0,0,0.076889,4.65115,0.045197,0.03889
540000,1,0,0.093277,4.68567,0.364594,0.02694
540000,2,0,0.086639,4.7506,0.533226,0.02352
540000,3,0,0.102074,4.67644,0.727455,0.02466
540000,4,0,0.134437,4.43349,0.881866,0.0338
550000,0,0,0.077988,4.65051,0.045265,0.03741
550000,1,0,0.096512,4.67818,0.354439,0.02695
550000,2,0,0.0849,4.75724,0.512886,0.02349
550000,3,0,0.109978,4.63394,0.7117,0.02776
550000,4,0,0.14019,4.4303,0.869461,0.0359
560000,0,0,0.077469,4.65043,0.045784,0.03579
560000,1,0,0.089645,4.69304,0.359779,0.02678
560000,2,0,0.086563,4.74929,0.530373,0.02374
560000,3,0,0.104599,4.64646,0.730164,0.02765
560000,4,0,0.146835,4.41879,0.878021,0.03595
570000,0,0,0.078354,4.64744,0.046883,0.03439
570000,1,0,0.091415,4.70589,0.356873,0.025
570000,2,0,0.077766,4.7878,0.517731,0.02075
570000,3,0,0.094551,4.6889,0.721596,0.02475
570000,4,0,0.119507,4.52551,0.873917,0.03139
580000,0,0,0.079185,4.64433,0.045746,0.03339
580000,1,0,0.09845,4.68117,0.360535,0.02625
580000,2,0,0.077339,4.78977,0.525055,0.02123
580000,3,0,0.099846,4.66492,0.735382,0.0267
580000,4,0,0.133011,4.44596,0.881973,0.03485
590000,0,0,0.078964,4.64781,0.046036,0.03145
590000,1,0,0.091461,4.69409,0.367554,0.02743
590000,2,0,0.081139,4.77731,0.535851,0.02119
590000,3,0,0.100502,4.66986,0.738701,0.02494
590000,4,0,0.13533,4.46186,0.888985,0.03433
600000,0,0,0.079857,4.64635,0.046226,0.03023
600000,1,0,0.088219,4.70987,0.362396,0.02602
600000,2,0,0.080246,4.79006,0.526993,0.0196
600000,3,0,0.104981,4.65588,0.72654,0.02634
600000,4,0,0.138809,4.46976,0.880363,0.03268
610000,0,0,0.086723,4.62073,0.060371,0.03612
610000,1,0,0.191444,4.00426,0.567711,0.10363
610000,2,0,0.309998,3.43425,0.824806,0.14676
610000,3,0,0.317932,3.19227,0.94162,0.13822
610000,4,0,0.398109,2.90219,0.966316,0.14679
620000,0,0,0.084305,4.63023,0.05703,0.03446
620000,1,0,0.088348,4.7302,0.551697,0.02345
620000,2,0,0.095848,4.66513,0.800293,0.03229
620000,3,0,0.180275,4.18404,0.940384,0.0635
620000,4,0,0.246735,3.83983,0.960472,0.06769
630000,0,0,0.083198,4.63358,0.050095,0.03153
630000,1,0,0.070335,4.80948,0.302185,0.0156
630000,2,0,0.064499,4.866,0.577934,0.0144
630000,3,0,0.08461,4.79102,0.845802,0.01447
630000,4,0,0.099693,4.7026,0.953056,0.01515
640000,0,0,0.087372,4.60938,0.058136,0.03232
640000,1,0,0.346764,3.18451,0.705414,0.1755
640000,2,0,0.421188,2.66172,0.91877,0.18367
640000,3,0,0.624374,1.70387,0.957809,0.22954
640000,4,0,0.580574,1.64761,0.971985,0.17729
650000,0,0,0.099258,4.55764,0.076149,0.04112
650000,1,0,0.28038,3.61371,0.773659,0.14621
650000,2,0,0.324188,3.20956,0.912323,0.14508
650000,3,0,0.493416,2.21159,0.973854,0.18778
650000,4,0,0.444908,2.29796,0.974304,0.15231
660000,0,0,0.085327,4.61783,0.071968,0.03078
660000,1,0,0.083839,4.74766,0.644539,0.02274
660000,2,0,0.078491,4.78489,0.868057,0.02087
660000,3,0,0.102615,4.66784,0.954384,0.02594
660000,4,0,0.140175,4.46541,0.966133,0.03282
670000,0,0,0.08577,4.61966,0.047897,0.03229
670000,1,0,0.068985,4.84462,0.279114,0.01074
670000,2,0,0.058395,4.89804,0.518898,0.01088
670000,3,0,0.083786,4.81835,0.772125,0.00993
670000,4,0,0.105263,4.68173,0.923821,0.01222
680000,0,0,0.101952,4.53239,0.084419,0.03915
680000,1,0,0.365578,2.98539,0.731804,0.20421
680000,2,0,0.512474,2.20275,0.934723,0.2083
680000,3,0,0.515274,2.03059,0.969673,0.21093
680000,4,0,0.745216,1.07403,0.967461,0.21365
690000,0,0,0.102531,4.53129,0.063599,0.03879
690000,1,0,0.22834,3.73852,0.811462,0.1366
690000,2,0,0.402718,2.68538,0.94207,0.18573
690000,3,0,0.665756,1.37323,0.969627,0.23343
690000,4,0,0.748779,0.97304,0.972527,0.19757
700000,0,0,0.088364,4.60655,0.072342,0.03305
700000,1,0,0.088829,4.73941,0.614204,0.02172
700000,2,0,0.088539,4.75766,0.891861,0.02378
700000,3,0,0.096901,4.72411,0.965744,0.01991
700000,4,0,0.122559,4.58644,0.973587,0.02216
710000,0,0,0.090752,4.59667,0.048821,0.03335
710000,1,0,0.096054,4.67229,0.383919,0.03239
710000,2,0,0.10466,4.64921,0.638985,0.03161
710000,3,0,0.156929,4.35393,0.858963,0.04086
710000,4,0,0.231079,3.76356,0.9562,0.06238
720000,0,0,0.085663,4.61517,0.052711,0.02778
720000,1,0,0.079605,4.76388,0.384727,0.01994
720000,2,0,0.078102,4.79689,0.615883,0.01973
720000,3,0,0.106491,4.69319,0.842278,0.02259
720000,4,0,0.122505,4.52067,0.954414,0.03026
730000,0,0,0.084473,4.62243,0.047562,0.02637
730000,1,0,0.085304,4.7501,0.333359,0.02179
730000,2,0,0.079269,4.81017,0.489189,0.0174
730000,3,0,0.11026,4.65847,0.702812,0.02334
730000,4,0,0.132706,4.48792,0.862427,0.03293
740000,0,0,0.08371,4.6269,0.04541,0.02545
740000,1,0,0.084694,4.75438,0.333778,0.02141
740000,2,0,0.075989,4.8248,0.489784,0.01686
740000,3,0,0.102524,4.6722,0.69812,0.02283
740000,4,0,0.133942,4.50508,0.850761,0.03112
750000,0,0,0.083824,4.63045,0.043793,0.02485
750000,1,0,0.083542,4.76464,0.33403,0.02037
750000,2,0,0.077164,4.81502,0.471031,0.01771
750000,3,0,0.094765,4.69231,0.681091,0.02263
750000,4,0,0.127571,4.54832,0.848167,0.02781
760000,0,0,0.084297,4.63305,0.045174,0.02437
760000,1,0,0.08535,4.7409,0.332642,0.02171
760000,2,0,0.081215,4.81368,0.490677,0.01663
760000,3,0,0.111855,4.65776,0.692665,0.02395
760000,4,0,0.125862,4.52818,0.848854,0.02862
770000,0,0,0.084602,4.632,0.045937,0.02407
770000,1,0,0.080093,4.76906,0.355728,0.02102
770000,2,0,0.078377,4.80781,0.497055,0.01774
770000,3,0,0.106636,4.62175,0.70993,0.02596
770000,4,0,0.130478,4.53758,0.860703,0.02854
780000,0,0,0.085083,4.63239,0.045082,0.02369
780000,1,0,0.088371,4.75276,0.35556,0.02131
780000,2,0,0.070335,4.84328,0.497398,0.01446
780000,3,0,0.099831,4.68764,0.710106,0.02259
780000,4,0,0.12442,4.52276,0.860924,0.02901
790000,0,0,0.084549,4.63566,0.045166,0.02311
790000,1,0,0.086098,4.75026,0.361175,0.02268
790000,2,0,0.079742,4.82315,0.501343,0.0151
790000,3,0,0.102821,4.67173,0.704292,0.02307
790000,4,0,0.121109,4.53503,0.85923,0.0295
800000,0,0,0.084831,4.63638,0.044983,0.02282
800000,1,0,0.086647,4.74916,0.346565,0.02232
800000,2,0,0.080612,4.82098,0.493317,0.01618
800000,3,0,0.101273,4.67211,0.693397,0.02341
800000,4,0,0.122955,4.53927,0.850182,0.02854
810000,0,0,0.085129,4.63735,0.045052,0.02257
810000,1,0,0.079613,4.77425,0.357162,0.02038
810000,2,0,0.073997,4.84045,0.502693,0.01402
810000,3,0,0.096367,4.69667,0.700478,0.02195
810000,4,0,0.128159,4.5389,0.855568,0.02851
820000,0,0,0.085091,4.63792,0.045631,0.02239
820000,1,0,0.081383,4.76758,0.34623,0.02182
820000,2,0,0.069733,4.85463,0.483704,0.01333
820000,3,0,0.098747,4.69089,0.688812,0.02279
820000,4,0,0.118431,4.54868,0.850479,0.02783
830000,0,0,0.084732,4.64057,0.04599,0.02213
830000,1,0,0.080902,4.76699,0.352707,0.02024
830000,2,0,0.07135,4.84278,0.489502,0.01553
830000,3,0,0.094902,4.6961,0.693581,0.02325
830000,4,0,0.121628,4.56445,0.850105,0.02728
840000,0,0,0.085052,4.64109,0.045578,0.02192
840000,1,0,0.083183,4.7675,0.360359,0.02095
840000,2,0,0.07312,4.84414,0.502121,0.01405
840000,3,0,0.101608,4.67508,0.705124,0.02448
840000,4,0,0.11718,4.5472,0.858711,0.0297
850000,0,0,0.085014,4.64122,0.045868,0.02175
850000,1,0,0.081215,4.76311,0.365555,0.02257
850000,2,0,0.073471,4.83248,0.503845,0.01542
850000,3,0,0.096787,4.66946,0.709083,0.02485
850000,4,0,0.130081,4.49258,0.86113,0.03102
860000,0,0,0.084915,4.64208,0.046707,0.02167
860000,1,0,0.08123,4.77382,0.352173,0.02095
860000,2,0,0.066826,4.85974,0.488998,0.01294
860000,3,0,0.099403,4.68283,0.696823,0.02231
860000,4,0,0.137306,4.50566,0.861031,0.02945
870000,0,0,0.085304,4.6426,0.046623,0.0215
870000,1,0,0.082352,4.77381,0.345604,0.02166
870000,2,0,0.072907,4.84253,0.484268,0.01396
870000,3,0,0.100632,4.66415,0.695801,0.0245
870000,4,0,0.126266,4.52252,0.852547,0.0301
880000,0,0,0.085442,4.64252,0.046036,0.02146
880000,1,0,0.080131,4.78798,0.358849,0.02026
880000,2,0,0.067131,4.87148,0.498161,0.01144
880000,3,0,0.097389,4.71205,0.70443,0.0206
880000,4,0,0.110489,4.58037,0.851692,0.0266
890000,0,0,0.084999,4.64466,0.04612,0.02122
890000,1,0,0.086113,4.76216,0.356499,0.02171
890000,2,0,0.070435,4.85222,0.4907,0.01269
890000,3,0,0.09462,4.68995,0.687675,0.02248
890000,4,0,0.125206,4.54074,0.844955,0.02847
900000,0,0,0.085228,4.64585,0.045685,0.02108
900000,1,0,0.079407,4.76588,0.362724,0.02186
900000,2,0,0.069946,4.8558,0.505417,0.01249
900000,3,0,0.114311,4.62957,0.707382,0.02543
900000,4,0,0.116196,4.54173,0.863174,0.02779
910000,0,0,0.085091,4.64746,0.046463,0.0209
910000,1,0,0.081612,4.78505,0.360222,0.02104
910000,2,0,0.068336,4.87132,0.493858,0.01114
910000,3,0,0.09668,4.69346,0.696701,0.02252
910000,4,0,0.121201,4.52703,0.85614,0.02886
920000,0,0,0.084587,4.64822,0.046646,0.02076
920000,1,0,0.084991,4.78242,0.357842,0.01992
920000,2,0,0.067406,4.86103,0.490829,0.01195
920000,3,0,0.103142,4.68714,0.694191,0.02197
920000,4,0,0.123497,4.55782,0.854683,0.02688
930000,0,0,0.084793,4.64913,0.046288,0.02064
930000,1,0,0.082382,4.7875,0.360451,0.02031
930000,2,0,0.067703,4.86244,0.48452,0.0123
930000,3,0,0.103432,4.67452,0.69091,0.0234
930000,4,0,0.121323,4.57338,0.853805,0.02627
940000,0,0,0.084671,4.64896,0.046486,0.0206
940000,1,0,0.078636,4.79538,0.349602,0.01936
940000,2,0,0.068619,4.86913,0.486847,0.0114
940000,3,0,0.10009,4.68732,0.691139,0.02233
940000,4,0,0.119133,4.5473,0.85067,0.02831
950000,0,0,0.08561,4.64861,0.047676,0.0215
950000,1,0,0.062462,4.8859,0.309357,0.00969
950000,2,0,0.058815,4.90841,0.470894,0.00774
950000,3,0,0.081505,4.7943,0.709709,0.01465
950000,4,0,0.108902,4.62957,0.881081,0.02068
960000,0,0,0.089226,4.63553,0.050507,0.02348
960000,1,0,0.109993,4.60879,0.392525,0.04326
960000,2,0,0.096199,4.68911,0.596512,0.02736
960000,3,0,0.164078,4.23931,0.830849,0.05656
960000,4,0,0.211456,3.97336,0.944595,0.05891
970000,0,0,0.092644,4.62041,0.05574,0.02613
970000,1,0,0.103203,4.64468,0.480835,0.04221
970000,2,0,0.101753,4.66505,0.690941,0.03139
970000,3,0,0.158531,4.312,0.885284,0.0494
970000,4,0,0.179878,4.17138,0.956398,0.04833
980000,0,0,0.107956,4.5486,0.074875,0.03227
980000,1,0,0.31559,3.39235,0.712708,0.17298
980000,2,0,0.320541,3.26784,0.893318,0.16264
980000,3,0,0.60054,1.88351,0.966728,0.20063
980000,4,0,0.549309,1.96038,0.974793,0.15644
990000,0,0,0.106667,4.55094,0.062729,0.0319
990000,1,0,0.249901,3.69425,0.791336,0.15937
990000,2,0,0.533386,2.09463,0.927933,0.23424
990000,3,0,0.69223,1.31631,0.961533,0.20907
990000,4,0,0.743706,1.13012,0.979805,0.17933
1000000,0,0,0.101761,4.57266,0.064949,0.03146
1000000,1,0,0.207237,4.01818,0.744774,0.11363
1000000,2,0,0.29097,3.4012,0.933861,0.13855
1000000,3,0,0.315193,3.25633,0.965179,0.13033
1000000,4,0,0.410614,2.67118,0.959328,0.11062
1010000,0,0,0.1157,4.50879,0.080391,0.0362
1010000,1,0,0.473969,2.38665,0.845901,0.28719
1010000,2,0,0.447983,2.38613,0.94564,0.24345
1010000,3,0,0.580521,1.82468,0.975403,0.22535
1010000,4,0,0.836235,0.67908,0.983315,0.21247
1020000,0,0,0.098167,4.58217,0.084229,0.03041
1020000,1,0,0.174767,4.1708,0.848488,0.10129
1020000,2,0,0.274834,3.47961,0.937569,0.13894
1020000,3,0,0.301941,3.30148,0.979301,0.12883
1020000,4,0,0.326202,3.12234,0.987938,0.10952
1030000,0,0,0.110657,4.51994,0.07312,0.03527
1030000,1,0,0.355064,2.95241,0.816238,0.24273
1030000,2,0,0.500473,2.13825,0.946129,0.20728
1030000,3,0,0.648384,1.46843,0.968521,0.26944
1030000,4,0,0.553871,2.00163,0.963562,0.17121
1040000,0,0,0.107605,4.53488,0.062836,0.03391
1040000,1,0,0.199783,4.13219,0.806625,0.09019
1040000,2,0,0.413445,2.86002,0.960655,0.17655
1040000,3,0,0.551209,1.85925,0.977325,0.19264
1040000,4,0,0.681641,1.44101,0.977585,0.17675
1050000,0,0,0.091011,4.61001,0.073021,0.02719
1050000,1,0,0.103188,4.68577,0.575874,0.03411
1050000,2,0,0.092972,4.71612,0.855141,0.02531
1050000,3,0,0.127602,4.51571,0.965248,0.03221
1050000,4,0,0.157539,4.35533,0.972244,0.03671
1060000,0,0,0.09816,4.57706,0.056686,0.03043
1060000,1,0,0.15657,4.26571,0.56842,0.08648
1060000,2,0,0.162102,4.15784,0.78537,0.0809
1060000,3,0,0.338249,3.16728,0.928238,0.1246
1060000,4,0,0.351738,3.07689,0.96415,0.11091
1070000,0,0,0.096703,4.5859,0.05333,0.03018
1070000,1,0,0.174469,4.21463,0.654381,0.09284
1070000,2,0,0.159805,4.23146,0.846672,0.07189
1070000,3,0,0.277199,3.47282,0.951767,0.10589
1070000,4,0,0.30838,3.1647,0.968925,0.1083
1080000,0,0,0.091652,4.60548,0.054138,0.02833
1080000,1,0,0.095802,4.71066,0.551376,0.03237
1080000,2,0,0.102203,4.65538,0.772346,0.0314
1080000,3,0,0.121796,4.51606,0.919052,0.03532
1080000,4,0,0.144333,4.3563,0.964241,0.03994
1090000,0,0,0.089996,4.61172,0.050186,0.02744
1090000,1,0,0.080353,4.78508,0.387299,0.0234
1090000,2,0,0.095085,4.71713,0.650162,0.02641
1090000,3,0,0.1092,4.64629,0.843926,0.02542
1090000,4,0,0.125923,4.45983,0.941055,0.0341
1100000,0,0,0.103096,4.54963,0.070633,0.03247
1100000,1,0,0.184044,4.10842,0.590866,0.11556
1100000,2,0,0.31015,3.34474,0.849274,0.13497
1100000,3,0,0.404808,2.77844,0.944618,0.15355
1100000,4,0,0.437309,2.41588,0.970207,0.14598
1110000,0,0,0.092117,4.59689,0.067131,0.02851
1110000,1,0,0.133629,4.45896,0.634049,0.06929
1110000,2,0,0.17041,4.19744,0.875198,0.07523
1110000,3,0,0.19767,3.99085,0.951592,0.07283
1110000,4,0,0.226089,3.78336,0.959091,0.07495
1120000,0,0,0.091629,4.60289,0.053345,0.02759
1120000,1,0,0.106285,4.62345,0.529564,0.04814
1120000,2,0,0.123207,4.54947,0.777687,0.04128
1120000,3,0,0.138573,4.37251,0.916275,0.04445
1120000,4,0,0.24369,3.81686,0.958252,0.0697
1130000,0,0,0.090454,4.6085,0.051476,0.02693
1130000,1,0,0.095207,4.69677,0.466782,0.03701
1130000,2,0,0.127785,4.50005,0.719971,0.04726
1130000,3,0,0.176453,4.18885,0.891075,0.05762
1130000,4,0,0.191704,4.04699,0.952957,0.06242
1140000,0,0,0.096581,4.57923,0.057449,0.03012
1140000,1,0,0.167664,4.22282,0.585457,0.09422
1140000,2,0,0.192352,4.02833,0.809982,0.08927
1140000,3,0,0.347572,3.03054,0.938751,0.10218
1140000,4,0,0.476639,2.31162,0.969665,0.15879
1150000,0,0,0.093254,4.59771,0.058319,0.02825
1150000,1,0,0.145363,4.37698,0.633019,0.08031
1150000,2,0,0.200394,4.01332,0.844833,0.08933
1150000,3,0,0.320152,3.3687,0.944405,0.11643
1150000,4,0,0.330505,3.2429,0.96991,0.09746
1160000,0,0,0.098282,4.57444,0.06427,0.02953
1160000,1,0,0.255508,3.74982,0.713738,0.14777
1160000,2,0,0.253029,3.7931,0.884689,0.10192
1160000,3,0,0.362587,2.82914,0.953575,0.12649
1160000,4,0,0.504356,2.01715,0.961327,0.15457
1170000,0,0,0.105202,4.54189,0.06813,0.03209
1170000,1,0,0.486435,2.31339,0.855919,0.33121
1170000,2,0,0.613243,1.7848,0.942772,0.23742
1170000,3,0,0.62635,1.55186,0.970604,0.23546
1170000,4,0,0.656395,1.31768,0.972824,0.20317
1180000,0,0,0.093857,4.59153,0.070381,0.02794
1180000,1,0,0.175133,4.25358,0.861099,0.0865
1180000,2,0,0.239441,3.75488,0.957909,0.11326
1180000,3,0,0.365822,2.98551,0.961731,0.13367
1180000,4,0,0.34314,2.95467,0.970322,0.11927
1190000,0,0,0.102753,4.55255,0.063217,0.031
1190000,1,0,0.232407,3.80919,0.700623,0.14078
1190000,2,0,0.319672,3.24806,0.912575,0.15645
1190000,3,0,0.464371,2.46319,0.976143,0.17114
1190000,4,0,0.493767,2.25765,0.978706,0.1324
1200000,0,0,0.092407,4.60005,0.065979,0.02647
1200000,1,0,0.218422,3.89648,0.712746,0.13862
1200000,2,0,0.220627,3.82392,0.91127,0.10477
1200000,3,0,0.236008,3.66185,0.966591,0.09619
1200000,4,0,0.329719,3.19598,0.978272,0.10815
1210000,0,0,0.098587,4.57154,0.062553,0.03031
1210000,1,0,0.234711,3.72843,0.751755,0.16597
1210000,2,0,0.346062,2.93352,0.920769,0.18812
1210000,3,0,0.519951,2.13213,0.961876,0.19373
1210000,4,0,0.522819,2.03026,0.980812,0.13561
1220000,0,0,0.094986,4.59291,0.059128,0.0277
1220000,1,0,0.188065,4.12428,0.725121,0.10787
1220000,2,0,0.217979,3.85837,0.914627,0.10777
1220000,3,0,0.272476,3.56361,0.967598,0.09803
1220000,4,0,0.356407,2.83298,0.957321,0.12571
1230000,0,0,0.091805,4.60748,0.055252,0.02663
1230000,1,0,0.123337,4.54801,0.614311,0.05696
1230000,2,0,0.15287,4.32062,0.845932,0.06451
1230000,3,0,0.213119,3.94368,0.948212,0.0757
1230000,4,0,0.229446,3.83119,0.96891,0.06818
1240000,0,0,0.101097,4.55853,0.067101,0.02984
1240000,1,0,0.263214,3.67493,0.698509,0.16474
1240000,2,0,0.384842,2.73644,0.911926,0.19849
1240000,3,0,0.54097,1.96346,0.958496,0.18503
1240000,4,0,0.517426,2.00323,0.97731,0.15564
1250000,0,0,0.094177,4.59293,0.061462,0.02712
1250000,1,0,0.122879,4.5241,0.692345,0.05773
1250000,2,0,0.138534,4.48563,0.923157,0.04592
1250000,3,0,0.246559,3.80563,0.967293,0.08124
1250000,4,0,0.267975,3.45532,0.974655,0.09146
1260000,0,0,0.092804,4.60222,0.054306,0.02689
1260000,1,0,0.181778,4.15566,0.601341,0.1126
1260000,2,0,0.191467,4.09599,0.81855,0.08101
1260000,3,0,0.226768,3.96299,0.93634,0.06734
1260000,4,0,0.320213,3.22636,0.969185,0.09889
1270000,0,0,0.102005,4.55616,0.064667,0.02993
1270000,1,0,0.183685,4.11748,0.693115,0.10759
1270000,2,0,0.316528,3.29469,0.88327,0.16073
1270000,3,0,0.726425,1.06586,0.961952,0.26904
1270000,4,0,0.58683,1.63798,0.966469,0.18852
1280000,0,0,0.091461,4.60882,0.064056,0.02643
1280000,1,0,0.122368,4.49872,0.637756,0.06732
1280000,2,0,0.15622,4.34985,0.865997,0.06223
1280000,3,0,0.270515,3.6002,0.965775,0.09116
1280000,4,0,0.341171,3.14869,0.971909,0.10059
1290000,0,0,0.090981,4.61396,0.054558,0.0258
1290000,1,0,0.141891,4.3967,0.57544,0.08282
1290000,2,0,0.168106,4.26723,0.81282,0.06955
1290000,3,0,0.225433,3.9501,0.936623,0.07431
1290000,4,0,0.223389,3.77204,0.966812,0.0756
1300000,0,0,0.098076,4.57931,0.068886,0.02815
1300000,1,0,0.300857,3.27027,0.75531,0.22324
1300000,2,0,0.44825,2.4113,0.932396,0.24751
1300000,3,0,0.574677,1.75033,0.968384,0.20193
1300000,4,0,0.612656,1.52968,0.968979,0.19219
1310000,0,0,0.103836,4.54663,0.087753,0.02951
1310000,1,0,0.528923,1.88724,0.886101,0.37222
1310000,2,0,0.443962,2.47734,0.933098,0.23711
1310000,3,0,0.640106,1.48644,0.951836,0.23055
1310000,4,0,0.743179,1.03963,0.965599,0.21086
1320000,0,0,0.105583,4.54586,0.082298,0.03019
1320000,1,0,0.537117,2.07738,0.919319,0.33353
1320000,2,0,0.467033,2.40279,0.927811,0.23953
1320000,3,0,0.690483,1.34287,0.946808,0.23401
1320000,4,0,0.699867,1.17569,0.966438,0.19754
1330000,0,0,0.088982,4.62512,0.078629,0.02483
1330000,1,0,0.089935,4.75525,0.850807,0.02982
1330000,2,0,0.097252,4.72037,0.94812,0.02645
1330000,3,0,0.118408,4.5859,0.969528,0.02996
1330000,4,0,0.140099,4.3695,0.972199,0.03949
1340000,0,0,0.09668,4.59028,0.060234,0.02673
1340000,1,0,0.213272,3.96943,0.62468,0.13324
1340000,2,0,0.217461,3.91968,0.834412,0.09626
1340000,3,0,0.439697,2.58424,0.943459,0.15368
1340000,4,0,0.622711,1.54854,0.970642,0.1917
1350000,0,0,0.093414,4.60107,0.059494,0.02613
1350000,1,0,0.26117,3.65856,0.741798,0.16475
1350000,2,0,0.291992,3.20552,0.919922,0.1753
1350000,3,0,0.429199,2.58745,0.96772,0.16017
1350000,4,0,0.576668,1.74816,0.966049,0.18384
1360000,0,0,0.10939,4.52927,0.095245,0.02976
1360000,1,0,0.584175,1.7269,0.896423,0.3854
1360000,2,0,0.66452,1.32801,0.962875,0.31241
1360000,3,0,0.611885,1.65892,0.97184,0.23496
1360000,4,0,0.777428,0.97274,0.987251,0.24742
1370000,0,0,0.096886,4.5936,0.093285,0.02723
1370000,1,0,0.188759,4.10187,0.897079,0.1159
1370000,2,0,0.225311,3.79933,0.95649,0.11822
1370000,3,0,0.291344,3.42304,0.976685,0.10925
1370000,4,0,0.419243,2.60373,0.97625,0.12775
1380000,0,0,0.094681,4.60277,0.059669,0.02579
1380000,1,0,0.182884,4.05814,0.677834,0.12098
1380000,2,0,0.445381,2.54785,0.918289,0.20451
1380000,3,0,0.503838,2.16752,0.96975,0.21969
1380000,4,0,0.523552,1.88972,0.965332,0.17335
1390000,0,0,0.095596,4.60117,0.069687,0.02566
1390000,1,0,0.484856,2.36917,0.856873,0.30647
1390000,2,0,0.42823,2.56261,0.954315,0.23935
1390000,3,0,0.464134,2.40541,0.940308,0.16728
1390000,4,0,0.619965,1.52269,0.975105,0.21498
1400000,0,0,0.093117,4.61172,0.06546,0.02508
1400000,1,0,0.136009,4.44493,0.836143,0.07661
1400000,2,0,0.142143,4.39996,0.939148,0.05971
1400000,3,0,0.26815,3.64319,0.972717,0.0949
1400000,4,0,0.300423,3.27518,0.97213,0.10128
1410000,0,0,0.092735,4.61295,0.057213,0.02594
1410000,1,0,0.16642,4.25308,0.629089,0.10088
1410000,2,0,0.325356,3.28678,0.871544,0.1527
1410000,3,0,0.379257,2.98756,0.961815,0.12608
1410000,4,0,0.45092,2.46413,0.968925,0.15221
1420000,0,0,0.096886,4.59454,0.064758,0.02659
1420000,1,0,0.299965,3.40725,0.75486,0.19365
1420000,2,0,0.364845,3.0388,0.915001,0.1848
1420000,3,0,0.557449,1.77453,0.969093,0.18304
1420000,4,0,0.600098,1.58767,0.958084,0.19947
1430000,0,0,0.109787,4.52421,0.107071,0.03089
1430000,1,0,0.580109,1.56159,0.90638,0.50864
1430000,2,0,0.58606,1.88241,0.94722,0.26948
1430000,3,0,0.598534,1.77015,0.947151,0.24853
1430000,4,0,0.64312,1.46792,0.959702,0.15627
1440000,0,0,0.086441,4.64357,0.121346,0.02171
1440000,1,0,0.069756,4.85161,0.901649,0.01585
1440000,2,0,0.079536,4.81901,0.959633,0.01576
1440000,3,0,0.10585,4.68084,0.965797,0.0227
1440000,4,0,0.128189,4.48274,0.971596,0.03327
1450000,0,0,0.093559,4.61175,0.06028,0.02404
1450000,1,0,0.307427,3.32384,0.727478,0.20876
1450000,2,0,0.409477,2.63163,0.925301,0.21582
1450000,3,0,0.56617,1.98786,0.968674,0.18014
1450000,4,0,0.695915,1.23141,0.975189,0.18682
1460000,0,0,0.090782,4.63111,0.059845,0.02333
1460000,1,0,0.159943,4.28868,0.765724,0.09158
1460000,2,0,0.161102,4.29288,0.933891,0.07027
1460000,3,0,0.268196,3.54733,0.965156,0.10299
1460000,4,0,0.351753,3.01251,0.971596,0.12331
1470000,0,0,0.101791,4.57404,0.078018,0.02666
1470000,1,0,0.555374,1.92681,0.891296,0.38029
1470000,2,0,0.353844,3.14114,0.944672,0.17685
1470000,3,0,0.63665,1.6261,0.973785,0.23237
1470000,4,0,0.621208,1.431,0.966194,0.20044
1480000,0,0,0.092209,4.62407,0.072716,0.02377
1480000,1,0,0.168579,4.15182,0.87281,0.10557
1480000,2,0,0.18074,4.11569,0.93914,0.08452
1480000,3,0,0.285644,3.53732,0.959557,0.10015
1480000,4,0,0.333153,3.12584,0.971603,0.10179
1490000,0,0,0.088013,4.64612,0.053474,0.0225
1490000,1,0,0.098625,4.71142,0.590851,0.03501
1490000,2,0,0.103302,4.65907,0.812042,0.03596
1490000,3,0,0.164948,4.24216,0.931679,0.05322
1490000,4,0,0.182427,4.10857,0.963989,0.05205
1500000,0,0,0.095306,4.61405,0.060631,0.02427
1500000,1,0,0.164589,4.21623,0.577835,0.10526
1500000,2,0,0.423073,2.49855,0.893059,0.25255
1500000,3,0,0.463402,2.46737,0.962853,0.1621
1500000,4,0,0.707893,1.2278,0.971428,0.2031
1510000,0,0,0.09288,4.61952,0.064743,0.02393
1510000,1,0,0.424843,2.59901,0.846558,0.29992
1510000,2,0,0.369987,2.82382,0.948204,0.21902
1510000,3,0,0.596664,1.67235,0.957176,0.23096
1510000,4,0,0.657799,1.33713,0.980919,0.21084
1520000,0,0,0.095696,4.61433,0.067596,0.02455
1520000,1,0,0.226761,3.81863,0.853485,0.15951
1520000,2,0,0.447174,2.60808,0.943268,0.20793
1520000,3,0,0.504242,2.15522,0.949478,0.21399
1520000,4,0,0.326218,3.01549,0.96357,0.11304
1530000,0,0,0.102684,4.56871,0.080849,0.02756
1530000,1,0,0.488709,2.29364,0.870003,0.32119
1530000,2,0,0.59063,1.67775,0.935143,0.31474
1530000,3,0,0.632149,1.53335,0.93866,0.25998
1530000,4,0,0.678268,1.22392,0.978912,0.1952
1540000,0,0,0.089218,4.64311,0.085396,0.02202
1540000,1,0,0.125557,4.50299,0.858696,0.06578
1540000,2,0,0.164551,4.29741,0.952774,0.06538
1540000,3,0,0.220673,3.86621,0.971825,0.07771
1540000,4,0,0.231163,3.7795,0.971817,0.07086
1550000,0,0,0.086769,4.65495,0.0495,0.02081
1550000,1,0,0.099098,4.6703,0.517639,0.04486
1550000,2,0,0.099754,4.67694,0.761513,0.03276
1550000,3,0,0.143654,4.35163,0.905891,0.04825
1550000,4,0,0.201332,4.00266,0.955025,0.06217
1560000,0,0,0.085556,4.66072,0.047874,0.02017
1560000,1,0,0.0653,4.88903,0.405884,0.01137
1560000,2,0,0.072555,4.8606,0.630043,0.01228
1560000,3,0,0.088722,4.74737,0.832809,0.01821
1560000,4,0,0.126114,4.54235,0.934135,0.02804
1570000,0,0,0.094673,4.62106,0.068054,0.02335
1570000,1,0,0.294746,3.37865,0.713913,0.2152
1570000,2,0,0.298912,3.41721,0.900947,0.15896
1570000,3,0,0.380966,2.87396,0.956703,0.14526
1570000,4,0,0.518807,1.95362,0.972565,0.15831
1580000,0,0,0.096375,4.61047,0.074852,0.02348
1580000,1,0,0.453026,2.42668,0.880875,0.32927
1580000,2,0,0.46727,2.31324,0.943573,0.27198
1580000,3,0,0.681534,1.34722,0.976402,0.23622
1580000,4,0,0.634636,1.6597,0.952598,0.18258
1590000,0,0,0.089523,4.64896,0.070274,0.02137
1590000,1,0,0.198746,4.04527,0.862564,0.12879
1590000,2,0,0.215881,3.93363,0.951355,0.10838
1590000,3,0,0.226051,3.79903,0.971382,0.09118
1590000,4,0,0.229202,3.74727,0.977875,0.0763
1600000,0,0,0.085175,4.66314,0.05201,0.01964
1600000,1,0,0.101379,4.66584,0.621689,0.04324
1600000,2,0,0.099663,4.65337,0.831352,0.03454
1600000,3,0,0.181572,4.15475,0.931007,0.06197
1600000,4,0,0.206261,3.93967,0.962296,0.06514
1610000,0,0,0.087204,4.65968,0.05056,0.02084
1610000,1,0,0.093697,4.72719,0.479813,0.0351
1610000,2,0,0.095009,4.70249,0.69194,0.03095
1610000,3,0,0.134041,4.45423,0.880974,0.03906
1610000,4,0,0.15094,4.23785,0.949516,0.04815
1620000,0,0,0.092857,4.6372,0.056458,0.02243
1620000,1,0,0.147324,4.32988,0.549606,0.09322
1620000,2,0,0.208702,3.98236,0.804207,0.10562
1620000,3,0,0.287819,3.37206,0.934746,0.11764
1620000,4,0,0.312325,3.13286,0.967369,0.10474
1630000,0,0,0.089615,4.65215,0.055771,0.0212
1630000,1,0,0.212959,4.0695,0.67276,0.11116
1630000,2,0,0.276863,3.51229,0.878181,0.13611
1630000,3,0,0.431595,2.7058,0.963738,0.14358
1630000,4,0,0.420052,2.52829,0.958908,0.14043
1640000,0,0,0.085503,4.66824,0.052055,0.01934
1640000,1,0,0.08532,4.77103,0.60154,0.02701
1640000,2,0,0.101738,4.65548,0.842407,0.03499
1640000,3,0,0.132439,4.45057,0.942734,0.04207
1640000,4,0,0.14682,4.34666,0.965057,0.04183
1650000,0,0,0.084297,4.6735,0.047615,0.01874
1650000,1,0,0.068611,4.85618,0.371445,0.01423
1650000,2,0,0.07058,4.84727,0.595909,0.01455
1650000,3,0,0.114685,4.64621,0.797615,0.02485
1650000,4,0,0.15107,4.38781,0.917259,0.03991
1660000,0,0,0.090561,4.6462,0.058639,0.02146
1660000,1,0,0.227646,3.82668,0.647575,0.15614
1660000,2,0,0.263138,3.59117,0.859123,0.1394
1660000,3,0,0.434662,2.51763,0.947853,0.1598
1660000,4,0,0.640701,1.59716,0.963852,0.18728
1670000,0,0,0.086075,4.67041,0.057655,0.01998
1670000,1,0,0.08503,4.74951,0.662033,0.03389
1670000,2,0,0.113899,4.64191,0.871033,0.03477
1670000,3,0,0.129204,4.48412,0.953163,0.03891
1670000,4,0,0.139725,4.35799,0.966301,0.04208
1680000,0,0,0.085709,4.66982,0.048737,0.01953
1680000,1,0,0.111534,4.5738,0.489525,0.05671
1680000,2,0,0.15802,4.26359,0.734604,0.07633
1680000,3,0,0.218071,3.82163,0.901115,0.08385
1680000,4,0,0.273254,3.4745,0.95211,0.09364
1690000,0,0,0.086334,4.67127,0.048645,0.01977
1690000,1,0,0.081596,4.77089,0.495048,0.0262
1690000,2,0,0.091782,4.72911,0.739914,0.02715
1690000,3,0,0.132423,4.45214,0.90036,0.04189
1690000,4,0,0.233055,3.90582,0.953423,0.06405
1700000,0,0,0.08429,4.68017,0.046799,0.01888
1700000,1,0,0.074654,4.84226,0.387695,0.01712
1700000,2,0,0.080223,4.82122,0.613091,0.01669
1700000,3,0,0.13047,4.52161,0.8414,0.03318
1700000,4,0,0.145111,4.39031,0.937248,0.0373
1710000,0,0,0.09304,4.6405,0.060364,0.02197
1710000,1,0,0.198349,4.08173,0.587959,0.12155
1710000,2,0,0.295479,3.44948,0.836784,0.15797
1710000,3,0,0.364555,2.99216,0.946785,0.13652
1710000,4,0,0.363205,2.85713,0.966515,0.11544
1720000,0,0,0.097023,4.62106,0.058685,0.02349
1720000,1,0,0.250801,3.48382,0.770157,0.2043
1720000,2,0,0.266602,3.59563,0.918335,0.13623
1720000,3,0,0.300903,3.16636,0.962448,0.09008
1720000,4,0,0.516602,2.10853,0.953621,0.13737
1730000,0,0,0.089249,4.65965,0.063355,0.02083
1730000,1,0,0.260818,3.63519,0.81459,0.1782
1730000,2,0,0.268623,3.60008,0.911812,0.14307
1730000,3,0,0.334717,3.11317,0.96241,0.13318
1730000,4,0,0.38311,2.82271,0.972679,0.12433
1740000,0,0,0.084022,4.68417,0.055473,0.01863
1740000,1,0,0.082169,4.78012,0.688393,0.02711
1740000,2,0,0.102509,4.67818,0.881676,0.03269
1740000,3,0,0.154221,4.34283,0.954742,0.04842
1740000,4,0,0.160896,4.27743,0.966629,0.04536
1750000,0,0,0.089165,4.65961,0.058128,0.02119
1750000,1,0,0.233673,3.90666,0.639275,0.14788
1750000,2,0,0.31266,3.21803,0.877953,0.17343
1750000,3,0,0.390877,2.77079,0.963142,0.14588
1750000,4,0,0.394028,2.64959,0.968155,0.12648
1760000,0,0,0.096123,4.62885,0.073311,0.02284
1760000,1,0,0.450394,2.35733,0.877976,0.35589
1760000,2,0,0.551949,1.85779,0.959373,0.29568
1760000,3,0,0.629021,1.53388,0.977539,0.23386
1760000,4,0,0.68132,1.26051,0.968735,0.22881
1770000,0,0,0.100372,4.60861,0.077728,0.02302
1770000,1,0,0.322586,3.26409,0.88459,0.22132
1770000,2,0,0.555824,1.72612,0.965996,0.28746
1770000,3,0,0.651421,1.50874,0.926559,0.25028
1770000,4,0,0.836144,0.62318,0.940392,0.25024
1780000,0,0,0.084526,4.68603,0.082939,0.01826
1780000,1,0,0.102097,4.66,0.739563,0.0454
1780000,2,0,0.104935,4.67751,0.938484,0.03274
1780000,3,0,0.166794,4.32848,0.974342,0.0464
1780000,4,0,0.196472,4.04395,0.963326,0.0582
1790000,0,0,0.095139,4.63187,0.071678,0.02271
1790000,1,0,0.34079,3.19988,0.750015,0.21731
1790000,2,0,0.3592,3.26484,0.897713,0.15891
1790000,3,0,0.44738,2.5668,0.960304,0.16008
1790000,4,0,0.510422,2.00869,0.97226,0.17238
1800000,0,0,0.086495,4.67963,0.069572,0.01944
1800000,1,0,0.12529,4.48579,0.77607,0.06935
1800000,2,0,0.152954,4.38291,0.905151,0.06228
1800000,3,0,0.187378,4.08498,0.96106,0.06531
1800000,4,0,0.348404,3.01222,0.960388,0.11456
1810000,0,0,0.086266,4.67962,0.049316,0.01931
1810000,1,0,0.17421,4.22727,0.60968,0.1062
1810000,2,0,0.163811,4.22978,0.824097,0.08509
1810000,3,0,0.251427,3.7432,0.931999,0.09113
1810000,4,0,0.353767,3.10473,0.969696,0.10722
1820000,0,0,0.087906,4.67219,0.053757,0.01916
1820000,1,0,0.219109,3.88865,0.706062,0.15501
1820000,2,0,0.24083,3.69642,0.881531,0.13483
1820000,3,0,0.553413,2.08729,0.954605,0.17985
1820000,4,0,0.486794,2.19382,0.962547,0.1392
1830000,0,0,0.086525,4.67858,0.053421,0.01881
1830000,1,0,0.116043,4.56343,0.670059,0.06001
1830000,2,0,0.103561,4.65578,0.85762,0.03596
1830000,3,0,0.153801,4.30972,0.957298,0.0504
1830000,4,0,0.220291,3.75749,0.967423,0.07339
1840000,0,0,0.083977,4.6765,0.052025,0.0205
1840000,1,0,0.09137,4.7582,0.498718,0.02935
1840000,2,0,0.089073,4.75628,0.691345,0.02423
1840000,3,0,0.14798,4.40271,0.872871,0.04632
1840000,4,0,0.163002,4.25845,0.953514,0.04673
1850000,0,0,0.091545,4.64579,0.056061,0.02351
1850000,1,0,0.16787,4.24386,0.579308,0.10155
1850000,2,0,0.220001,3.8362,0.807892,0.12563
1850000,3,0,0.340027,3.00166,0.941338,0.14397
1850000,4,0,0.545311,1.94652,0.966179,0.17994
1860000,0,0,0.087227,4.65916,0.054085,0.02503
1860000,1,0,0.116829,4.55468,0.606468,0.06216
1860000,2,0,0.110748,4.57302,0.830696,0.04709
1860000,3,0,0.174408,4.13716,0.949974,0.0635
1860000,4,0,0.271332,3.46947,0.966362,0.08787
1870000,0,0,0.084816,4.66318,0.049561,0.02634
1870000,1,0,0.136734,4.46242,0.574394,0.07392
1870000,2,0,0.098373,4.69034,0.763619,0.03294
1870000,3,0,0.196571,4.09954,0.914803,0.06556
1870000,4,0,0.261368,3.6203,0.960411,0.08556
1880000,0,0,0.088158,4.65209,0.05088,0.02669
1880000,1,0,0.170036,4.27402,0.618729,0.09273
1880000,2,0,0.259178,3.59315,0.833488,0.15761
1880000,3,0,0.532967,2.14453,0.945633,0.17927
1880000,4,0,0.576889,1.7255,0.968926,0.15815
1890000,0,0,0.098686,4.59911,0.06823,0.02694
1890000,1,0,0.274948,3.60915,0.73542,0.16968
1890000,2,0,0.777435,0.7973,0.949867,0.39499
1890000,3,0,0.577217,1.56252,0.962265,0.23943
1890000,4,0,0.747276,0.92982,0.980072,0.26533
1900000,0,0,0.091934,4.63277,0.062141,0.02764
1900000,1,0,0.169304,4.25798,0.741676,0.09832
1900000,2,0,0.162415,4.24512,0.960838,0.08717
1900000,3,0,0.290085,3.4219,0.981895,0.11285
1900000,4,0,0.368622,2.89513,0.965584,0.08836
1910000,0,0,0.085175,4.66133,0.054115,0.02812
1910000,1,0,0.127152,4.48557,0.621414,0.07549
1910000,2,0,0.131355,4.48273,0.818954,0.05477
1910000,3,0,0.172035,4.14785,0.93631,0.063
1910000,4,0,0.25396,3.63615,0.959145,0.08503
1920000,0,0,0.08728,4.65219,0.048401,0.02814
1920000,1,0,0.162918,4.29747,0.624115,0.09648
1920000,2,0,0.225517,3.81736,0.84639,0.1232
1920000,3,0,0.376335,3.03915,0.946075,0.12834
1920000,4,0,0.332962,2.99787,0.960068,0.12149
1930000,0,0,0.085457,4.66405,0.050941,0.02958
1930000,1,0,0.137672,4.45025,0.625214,0.08447
1930000,2,0,0.133408,4.48306,0.848778,0.05414
1930000,3,0,0.17894,4.19447,0.947617,0.0593
1930000,4,0,0.304871,3.32381,0.9702,0.09821
1940000,0,0,0.085495,4.66516,0.049217,0.03013
1940000,1,0,0.088234,4.74449,0.546326,0.03716
1940000,2,0,0.077766,4.80976,0.759865,0.02051
1940000,3,0,0.169022,4.28464,0.909721,0.05341
1940000,4,0,0.17218,4.25094,0.959587,0.03577
1950000,0,0,0.090744,4.6383,0.055145,0.02874
1950000,1,0,0.224129,3.86854,0.645706,0.1487
1950000,2,0,0.483994,2.27811,0.902962,0.29554
1950000,3,0,0.407341,2.62928,0.96682,0.18134
1950000,4,0,0.546104,1.89544,0.967972,0.1857
1960000,0,0,0.084869,4.67243,0.0578,0.03122
1960000,1,0,0.067085,4.87337,0.630943,0.01379
1960000,2,0,0.063454,4.89755,0.907997,0.00995
1960000,3,0,0.088928,4.75443,0.970383,0.01854
1960000,4,0,0.104095,4.63187,0.973701,0.02304
1970000,0,0,0.086281,4.66528,0.04644,0.02951
1970000,1,0,0.134277,4.43806,0.502762,0.08354
1970000,2,0,0.218758,3.90521,0.764656,0.11247
1970000,3,0,0.24617,3.64704,0.909103,0.10265
1970000,4,0,0.345901,3.08193,0.95948,0.1117
1980000,0,0,0.088287,4.65214,0.050857,0.02776
1980000,1,0,0.224251,3.81898,0.694267,0.16648
1980000,2,0,0.305626,3.27713,0.895134,0.19573
1980000,3,0,0.482826,2.18535,0.95713,0.19806
1980000,4,0,0.56807,1.79588,0.973618,0.18349
1990000,0,0,0.089134,4.6505,0.053001,0.02751
1990000,1,0,0.277214,3.46358,0.774124,0.21151
1990000,2,0,0.36306,2.9341,0.926575,0.21278
1990000,3,0,0.502708,2.17705,0.958878,0.20211
1990000,4,0,0.498138,2.13848,0.963974,0.144
2000000,0,0,0.087334,4.66091,0.057266,0.02824
2000000,1,0,0.245247,3.86655,0.771156,0.16886
2000000,2,0,0.261734,3.62444,0.931755,0.14397
2000000,3,0,0.427422,2.62543,0.967957,0.13986
2000000,4,0,0.571625,1.82189,0.966225,0.16697
2010000,0,0,0.093025,4.63268,0.059868,0.02663
2010000,1,0,0.517784,2.17133,0.843285,0.46597
2010000,2,0,0.287277,3.2189,0.940422,0.20113
2010000,3,0,0.495102,2.1231,0.971764,0.23311
2010000,4,0,0.509689,2.18978,0.955254,0.1555
2020000,0,0,0.084846,4.68299,0.06559,0.02998
2020000,1,0,0.132835,4.61618,0.812454,0.10482
2020000,2,0,0.091072,4.74594,0.934517,0.02582
2020000,3,0,0.176811,4.16053,0.967094,0.06459
2020000,4,0,0.1996,4.02508,0.965172,0.06045
2030000,0,0,0.084389,4.68774,0.044884,0.03075
2030000,1,0,0.102821,4.77886,0.374657,0.07964
2030000,2,0,0.070595,4.87254,0.593483,0.01227
2030000,3,0,0.095985,4.69998,0.838051,0.02363
2030000,4,0,0.119194,4.58053,0.938515,0.02345
2040000,0,0,0.087357,4.66872,0.054474,0.02783
2040000,1,0,0.277779,3.50777,0.670471,0.25057
2040000,2,0,0.291519,3.47758,0.886475,0.15856
2040000,3,0,0.602165,1.6726,0.96199,0.23204
2040000,4,0,0.643143,1.54997,0.973305,0.18675
2050000,0,0,0.08419,4.69,0.054993,0.0302
2050000,1,0,0.094887,4.79584,0.670982,0.07002
2050000,2,0,0.064552,4.88751,0.887337,0.01082
2050000,3,0,0.100441,4.68491,0.961289,0.02549
2050000,4,0,0.128639,4.52637,0.964149,0.03003
2060000,0,0,0.083084,4.69288,0.042877,0.02974
2060000,1,0,0.100723,4.78501,0.303268,0.06835
2060000,2,0,0.079781,4.82968,0.492874,0.01472
2060000,3,0,0.109497,4.61567,0.735573,0.03093
2060000,4,0,0.125038,4.48878,0.888382,0.03737
2070000,0,0,0.083664,4.6897,0.043312,0.02952
2070000,1,0,0.10128,4.7619,0.325668,0.07443
2070000,2,0,0.097107,4.73061,0.527374,0.07209
2070000,3,0,0.097763,4.68657,0.768265,0.02501
2070000,4,0,0.119797,4.56379,0.903023,0.02881
2080000,0,0,0.090172,4.65074,0.065132,0.02535
2080000,1,0,0.392227,2.87685,0.766342,0.33992
2080000,2,0,0.72657,1.13321,0.950234,0.36639
2080000,3,0,0.698471,1.26261,0.972855,0.26224
2080000,4,0,0.561485,1.89898,0.969963,0.17348
2090000,0,0,0.086952,4.67497,0.063446,0.02717
2090000,1,0,0.29673,3.43687,0.834503,0.22407
2090000,2,0,0.258705,3.67047,0.949547,0.14679
2090000,3,0,0.393181,2.5256,0.975029,0.18993
2090000,4,0,0.389656,2.6847,0.973701,0.13803
2100000,0,0,0.086449,4.67924,0.051163,0.02671
2100000,1,0,0.188622,4.14118,0.757225,0.151
2100000,2,0,0.259728,3.63526,0.895889,0.16648
2100000,3,0,0.375999,2.80822,0.965256,0.16368
2100000,4,0,0.447922,2.39247,0.975563,0.15761
2110000,0,0,0.083183,4.69474,0.049232,0.02866
2110000,1,0,0.105957,4.75268,0.559685,0.0701
2110000,2,0,0.090553,4.73029,0.805221,0.08878
2110000,3,0,0.11541,4.61264,0.945312,0.02877
2110000,4,0,0.12709,4.47411,0.96933,0.03601
2120000,0,0,0.083267,4.69645,0.043602,0.02888
2120000,1,0,0.099625,4.78341,0.352722,0.06924
2120000,2,0,0.091881,4.73093,0.530373,0.12186
2120000,3,0,0.10778,4.63538,0.770119,0.02916
2120000,4,0,0.141083,4.40254,0.906456,0.03972
2130000,0,0,0.084915,4.68802,0.044762,0.02766
2130000,1,0,0.130905,4.57515,0.42704,0.09597
2130000,2,0,0.163963,4.25714,0.665993,0.1542
2130000,3,0,0.22641,3.91407,0.877853,0.08502
2130000,4,0,0.277016,3.54201,0.952942,0.08464
2140000,0,0,0.085426,4.68598,0.044724,0.02712
2140000,1,0,0.115906,4.66626,0.460937,0.08044
2140000,2,0,0.123451,4.54581,0.709717,0.14004
2140000,3,0,0.204002,3.98396,0.906685,0.07661
2140000,4,0,0.224815,3.84104,0.961449,0.05032
2150000,0,0,0.084595,4.69052,0.045769,0.02726
2150000,1,0,0.146851,4.48313,0.500847,0.10176
2150000,2,0,0.112091,4.61146,0.688591,0.13485
2150000,3,0,0.177315,4.26267,0.896202,0.05438
2150000,4,0,0.236511,3.72092,0.963425,0.0759
2160000,0,0,0.083473,4.69782,0.044632,0.02804
2160000,1,0,0.109688,4.74661,0.467018,0.07393
2160000,2,0,0.087059,4.74577,0.656693,0.1237
2160000,3,0,0.108399,4.653,0.85479,0.02584
2160000,4,0,0.149322,4.3315,0.945328,0.04192
2170000,0,0,0.083374,4.69895,0.042976,0.02687
2170000,1,0,0.159706,4.40745,0.488541,0.10755
2170000,2,0,0.158402,4.35816,0.693153,0.1648
2170000,3,0,0.191765,4.13133,0.86837,0.06669
2170000,4,0,0.271965,3.57552,0.943634,0.08928
2180000,0,0,0.088303,4.66993,0.055923,0.02423
2180000,1,0,0.294441,3.45808,0.727943,0.24502
2180000,2,0,0.288559,3.50438,0.882492,0.26814
2180000,3,0,0.394234,2.73353,0.956009,0.16717
2180000,4,0,0.515717,2.11375,0.979553,0.17539
2190000,0,0,0.087273,4.67103,0.052956,0.02375
2190000,1,0,0.227417,3.85554,0.769386,0.23192
2190000,2,0,0.338608,3.19779,0.916779,0.29397
2190000,3,0,0.432617,2.43543,0.964066,0.22309
2190000,4,0,0.489754,2.07522,0.965355,0.15312
2200000,0,0,0.088654,4.66801,0.05526,0.02501
2200000,1,0,0.196327,4.09108,0.726234,0.14789
2200000,2,0,0.192963,4.08529,0.881485,0.20418
2200000,3,0,0.414764,2.65992,0.951859,0.18777
2200000,4,0,0.440277,2.56307,0.959656,0.12345
2210000,0,0,0.086838,4.68099,0.060928,0.02426
2210000,1,0,0.507362,2.20932,0.861259,0.36078
2210000,2,0,0.432426,2.50278,0.935135,0.40375
2210000,3,0,0.488235,2.35599,0.951744,0.20481
2210000,4,0,0.704063,1.26398,0.973946,0.16172
2220000,0,0,0.083656,4.70092,0.058014,0.02669
2220000,1,0,0.131622,4.61312,0.825882,0.08125
2220000,2,0,0.095901,4.6963,0.942467,0.11967
2220000,3,0,0.184792,4.14689,0.954948,0.15331
2220000,4,0,0.159279,4.18752,0.972664,0.0517
2230000,0,0,0.085083,4.69169,0.04586,0.02477
2230000,1,0,0.174736,4.2781,0.547028,0.12899
2230000,2,0,0.184097,4.10403,0.774086,0.18364
2230000,3,0,0.373344,2.97152,0.898666,0.23469
2230000,4,0,0.515327,2.05649,0.962959,0.15868
2240000,0,0,0.084457,4.69464,0.046349,0.02597
2240000,1,0,0.168945,4.30683,0.598518,0.14105
2240000,2,0,0.128113,4.46194,0.801544,0.14651
2240000,3,0,0.227173,3.88585,0.924294,0.22184
2240000,4,0,0.316071,3.26973,0.956787,0.10209
2250000,0,0,0.085915,4.68871,0.044655,0.02505
2250000,1,0,0.16201,4.33245,0.589538,0.12186
2250000,2,0,0.146606,4.35983,0.780129,0.16332
2250000,3,0,0.274506,3.58926,0.898064,0.26613
2250000,4,0,0.318581,3.26535,0.960335,0.10196
2260000,0,0,0.086777,4.679,0.048294,0.02389
2260000,1,0,0.313248,3.37438,0.733597,0.28873
2260000,2,0,0.350037,2.87651,0.911507,0.31841
2260000,3,0,0.537041,1.96112,0.938484,0.33407
2260000,4,0,0.574738,1.72968,0.977028,0.17108
2270000,0,0,0.085846,4.69256,0.049522,0.02544
2270000,1,0,0.125633,4.61356,0.706665,0.08116
2270000,2,0,0.140541,4.4152,0.914185,0.14987
2270000,3,0,0.220314,3.79965,0.941338,0.2123
2270000,4,0,0.271095,3.57403,0.969101,0.08622
2280000,0,0,0.083412,4.70616,0.044289,0.02596
2280000,1,0,0.125977,4.73836,0.39167,0.06086
2280000,2,0,0.071938,4.79761,0.626938,0.10505
2280000,3,0,0.122749,4.53476,0.835014,0.14874
2280000,4,0,0.12487,4.55436,0.94368,0.02941
2290000,0,0,0.086411,4.68832,0.046043,0.02552
2290000,1,0,0.150154,4.50816,0.435822,0.10593
2290000,2,0,0.109917,4.55286,0.638275,0.13429
2290000,3,0,0.24073,3.7905,0.849823,0.20241
2290000,4,0,0.281753,3.51378,0.942581,0.08887
2300000,0,0,0.085236,4.70129,0.043785,0.02646
2300000,1,0,0.122307,4.6768,0.459168,0.07344
2300000,2,0,0.079163,4.75607,0.66655,0.11017
2300000,3,0,0.124992,4.53155,0.863029,0.14636
2300000,4,0,0.125908,4.51106,0.947998,0.03192
2310000,0,0,0.084877,4.70121,0.040428,0.02603
2310000,1,0,0.130974,4.70626,0.333282,0.05997
2310000,2,0,0.072205,4.80538,0.516144,0.10382
2310000,3,0,0.104897,4.61216,0.733208,0.13747
2310000,4,0,0.108131,4.61155,0.884636,0.02608
2320000,0,0,0.08596,4.69891,0.039665,0.0259
2320000,1,0,0.125473,4.72976,0.293983,0.05706
2320000,2,0,0.070061,4.8182,0.464737,0.10349
2320000,3,0,0.115288,4.59945,0.692482,0.14964
2320000,4,0,0.120735,4.57247,0.862099,0.02839
2330000,0,0,0.086906,4.6984,0.039688,0.02547
2330000,1,0,0.132667,4.72899,0.276741,0.05542
2330000,2,0,0.073715,4.81143,0.450439,0.10378
2330000,3,0,0.10128,4.63718,0.676163,0.13467
2330000,4,0,0.102447,4.70082,0.839523,0.02037
2340000,0,0,0.091835,4.67359,0.04892,0.02559
2340000,1,0,0.164986,4.27572,0.497315,0.11343
2340000,2,0,0.129456,4.42475,0.702721,0.15049
2340000,3,0,0.174072,4.14086,0.875702,0.19714
2340000,4,0,0.235748,3.71334,0.956482,0.0587
2350000,0,0,0.09288,4.67619,0.048271,0.02531
2350000,1,0,0.196007,3.96801,0.670555,0.16549
2350000,2,0,0.215981,3.84541,0.875404,0.21205
2350000,3,0,0.340385,3.06141,0.941757,0.26991
2350000,4,0,0.401642,2.68748,0.967049,0.1424
2360000,0,0,0.092766,4.68051,0.051186,0.0306
2360000,1,0,0.129845,4.67296,0.606171,0.06127
2360000,2,0,0.076294,4.77947,0.837746,0.10978
2360000,3,0,0.141128,4.4251,0.932541,0.14813
2360000,4,0,0.219704,3.95223,0.965988,0.14012
2370000,0,0,0.093376,4.67167,0.045387,0.03185
2370000,1,0,0.17942,4.17981,0.549202,0.13886
2370000,2,0,0.151611,4.3016,0.762947,0.16982
2370000,3,0,0.224358,3.79217,0.897026,0.20944
2370000,4,0,0.331848,3.20157,0.94294,0.18904
2380000,0,0,0.090218,4.68297,0.045822,0.0323
2380000,1,0,0.131096,4.7243,0.530014,0.04923
2380000,2,0,0.074989,4.80011,0.753655,0.1047
2380000,3,0,0.1185,4.59377,0.876175,0.14361
2380000,4,0,0.13327,4.49,0.932121,0.14981
2390000,0,0,0.091942,4.67405,0.045822,0.03547
2390000,1,0,0.125534,4.74918,0.275024,0.0465
2390000,2,0,0.077049,4.79569,0.436104,0.10504
2390000,3,0,0.110725,4.60257,0.631317,0.13146
2390000,4,0,0.129311,4.47046,0.771645,0.14493
2400000,0,0,0.088455,4.68932,0.045685,0.03558
2400000,1,0,0.139488,4.69067,0.282929,0.05181
2400000,2,0,0.07325,4.79954,0.450638,0.10529
2400000,3,0,0.103783,4.62563,0.642197,0.13202
2400000,4,0,0.123749,4.52531,0.788361,0.13495
2410000,0,0,0.087791,4.69578,0.041527,0.03678
2410000,1,0,0.130394,4.73437,0.267799,0.04579
2410000,2,0,0.070671,4.80571,0.438805,0.10559
2410000,3,0,0.10067,4.6277,0.631615,0.13017
2410000,4,0,0.136116,4.45569,0.779976,0.14271
2420000,0,0,0.087311,4.69829,0.039665,0.03722
2420000,1,0,0.131859,4.71997,0.256638,0.04567
2420000,2,0,0.070938,4.80696,0.427368,0.10376
2420000,3,0,0.111618,4.59917,0.626053,0.14405
2420000,4,0,0.123413,4.53865,0.78585,0.1302
2430000,0,0,0.086807,4.70185,0.039268,0.03757
2430000,1,0,0.132065,4.71449,0.290955,0.04516
2430000,2,0,0.074943,4.78607,0.454552,0.10762
2430000,3,0,0.110229,4.59078,0.658188,0.13803
2430000,4,0,0.124374,4.50997,0.809372,0.12595
2440000,0,0,0.086807,4.70321,0.037826,0.03833
2440000,1,0,0.129227,4.72962,0.272362,0.04892
2440000,2,0,0.075714,4.80308,0.435722,0.10609
2440000,3,0,0.105232,4.60234,0.634338,0.13536
2440000,4,0,0.127388,4.49015,0.789833,0.13233
2450000,0,0,0.086395,4.70474,0.037796,0.03837
2450000,1,0,0.130768,4.72066,0.278923,0.04481
2450000,2,0,0.074539,4.79912,0.448029,0.10584
2450000,3,0,0.112526,4.59637,0.653877,0.15917
2450000,4,0,0.117058,4.51719,0.809311,0.12719
2460000,0,0,0.086319,4.70664,0.03698,0.03851
2460000,1,0,0.14035,4.6942,0.252174,0.04517
2460000,2,0,0.074356,4.79762,0.424851,0.10562
2460000,3,0,0.110901,4.58069,0.645027,0.13289
2460000,4,0,0.117195,4.52928,0.793846,0.12659
2470000,0,0,0.08667,4.70527,0.038101,0.03894
2470000,1,0,0.129036,4.73827,0.26815,0.04291
2470000,2,0,0.073456,4.8093,0.429413,0.1059
2470000,3,0,0.105225,4.63316,0.637672,0.13794
2470000,4,0,0.127205,4.51449,0.792885,0.13365
2480000,0,0,0.086716,4.70306,0.038002,0.03959
2480000,1,0,0.13855,4.7044,0.257729,0.04472
2480000,2,0,0.068291,4.81989,0.424225,0.10382
2480000,3,0,0.105324,4.62691,0.628098,0.13164
2480000,4,0,0.116112,4.52974,0.781334,0.12773
2490000,0,0,0.087944,4.69432,0.039696,0.04076
2490000,1,0,0.12735,4.73356,0.263893,0.04288
2490000,2,0,0.073006,4.80293,0.430672,0.10491
2490000,3,0,0.099854,4.64751,0.629082,0.13088
2490000,4,0,0.121757,4.55866,0.784866,0.12551
2500000,0,0,0.085495,4.70701,0.041145,0.04077
2500000,1,0,0.139587,4.67702,0.285378,0.04396
2500000,2,0,0.07428,4.79603,0.458534,0.1061
2500000,3,0,0.113403,4.58295,0.649445,0.12997
2500000,4,0,0.122406,4.48461,0.799637,0.13369
2510000,0,0,0.085251,4.71125,0.038445,0.04068
2510000,1,0,0.140465,4.69381,0.28949,0.04417
2510000,2,0,0.073158,4.81008,0.446556,0.10397
2510000,3,0,0.105202,4.60849,0.651756,0.13317
2510000,4,0,0.122635,4.5032,0.800354,0.13316
2520000,0,0,0.084328,4.71892,0.038269,0.04034
2520000,1,0,0.138725,4.68886,0.260918,0.0447
2520000,2,0,0.071991,4.80762,0.425819,0.10469
2520000,3,0,0.102356,4.63142,0.629456,0.12408
2520000,4,0,0.118752,4.52238,0.796082,0.12861
2530000,0,0,0.084129,4.72179,0.03717,0.04043
2530000,1,0,0.136879,4.70071,0.280449,0.04509
2530000,2,0,0.070808,4.80922,0.441391,0.10492
2530000,3,0,0.107872,4.61386,0.638603,0.12751
2530000,4,0,0.12883,4.48315,0.799294,0.13167
2540000,0,0,0.083313,4.7247,0.036201,0.04022
2540000,1,0,0.139877,4.69919,0.272888,0.04043
2540000,2,0,0.076126,4.80418,0.444328,0.10519
2540000,3,0,0.109352,4.6073,0.651176,0.13158
2540000,4,0,0.127716,4.4839,0.804825,0.13213
2550000,0,0,0.082817,4.728,0.037491,0.04004
2550000,1,0,0.141457,4.67929,0.265572,0.04023
2550000,2,0,0.07016,4.81133,0.427116,0.10429
2550000,3,0,0.103004,4.62578,0.636909,0.12192
2550000,4,0,0.121071,4.52616,0.79924,0.13341
2560000,0,0,0.082924,4.72916,0.036568,0.03996
2560000,1,0,0.143265,4.67008,0.272957,0.04105
2560000,2,0,0.070328,4.81439,0.430756,0.10477
2560000,3,0,0.108055,4.64306,0.636749,0.13137
2560000,4,0,0.117554,4.5162,0.797325,0.13039
2570000,0,0,0.082756,4.73097,0.036423,0.04001
2570000,1,0,0.131332,4.71388,0.260727,0.03978
2570000,2,0,0.071609,4.81964,0.428963,0.10465
2570000,3,0,0.107048,4.63659,0.617531,0.13029
2570000,4,0,0.114502,4.52738,0.783257,0.12816
2580000,0,0,0.082283,4.73321,0.037506,0.03998
2580000,1,0,0.141586,4.69707,0.26786,0.03875
2580000,2,0,0.06852,4.82329,0.419106,0.10304
2580000,3,0,0.10862,4.62231,0.619118,0.13018
2580000,4,0,0.118515,4.51852,0.784241,0.12992
2590000,0,0,0.081741,4.73465,0.035675,0.03951
2590000,1,0,0.150299,4.6404,0.274254,0.04125
2590000,2,0,0.076286,4.80454,0.43267,0.10539
2590000,3,0,0.105064,4.61468,0.639771,0.1228
2590000,4,0,0.120781,4.51643,0.801849,0.13027
2600000,0,0,0.081169,4.73751,0.036095,0.03956
2600000,1,0,0.134727,4.70349,0.281799,0.03805
2600000,2,0,0.069901,4.81518,0.437477,0.10354
2600000,3,0,0.112282,4.62324,0.647293,0.12703
2600000,4,0,0.11303,4.54853,0.799736,0.12832
2610000,0,0,0.081398,4.73926,0.036606,0.03927
2610000,1,0,0.146843,4.64705,0.283203,0.04034
2610000,2,0,0.076424,4.79879,0.453163,0.10534
2610000,3,0,0.111992,4.60516,0.655922,0.12843
2610000,4,0,0.131012,4.48573,0.813377,0.13225
2620000,0,0,0.081146,4.73935,0.035774,0.03883
2620000,1,0,0.139694,4.6717,0.272545,0.03974
2620000,2,0,0.069511,4.81467,0.448624,0.10318
2620000,3,0,0.104797,4.6262,0.65068,0.12725
2620000,4,0,0.133408,4.50038,0.815536,0.13125
2630000,0,0,0.081039,4.74101,0.036446,0.03882
2630000,1,0,0.14579,4.68174,0.268707,0.03712
2630000,2,0,0.069748,4.81582,0.439911,0.10347
2630000,3,0,0.108482,4.6151,0.649544,0.13756
2630000,4,0,0.118401,4.53312,0.809753,0.12756
2640000,0,0,0.081306,4.74171,0.036232,0.0386
2640000,1,0,0.135338,4.67969,0.261116,0.03631
2640000,2,0,0.071564,4.81346,0.427284,0.1039
2640000,3,0,0.104431,4.62668,0.636192,0.1239
2640000,4,0,0.115372,4.52287,0.796646,0.12879
2650000,0,0,0.080742,4.74267,0.035507,0.0387
2650000,1,0,0.143211,4.6753,0.278969,0.03871
2650000,2,0,0.070999,4.80689,0.443504,0.1042
2650000,3,0,0.105255,4.61134,0.648628,0.12506
2650000,4,0,0.117676,4.50607,0.809654,0.13064
2660000,0,0,0.081482,4.74242,0.035294,0.03841
2660000,1,0,0.13427,4.6882,0.278061,0.03701
2660000,2,0,0.066895,4.82996,0.435333,0.10181
2660000,3,0,0.110909,4.63333,0.634743,0.12607
2660000,4,0,0.123223,4.51701,0.793503,0.12775
2670000,0,0,0.080925,4.7442,0.036186,0.03836
2670000,1,0,0.146607,4.65679,0.25528,0.03764
2670000,2,0,0.066635,4.83069,0.422691,0.09449
2670000,3,0,0.108795,4.63766,0.633575,0.13256
2670000,4,0,0.11261,4.57721,0.792175,0.12338
2680000,0,0,0.080765,4.74476,0.036255,0.03811
2680000,1,0,0.144905,4.66136,0.25769,0.03607
2680000,2,0,0.06855,4.82671,0.427437,0.09522
2680000,3,0,0.111992,4.60533,0.639603,0.12494
2680000,4,0,0.120697,4.54254,0.789886,0.12692
2690000,0,0,0.080643,4.74729,0.034927,0.03823
2690000,1,0,0.146469,4.67408,0.268707,0.03648
2690000,2,0,0.071373,4.80789,0.43367,0.09577
2690000,3,0,0.115639,4.5789,0.663231,0.12894
2690000,4,0,0.114685,4.5545,0.794098,0.12688
2700000,0,0,0.08033,4.74775,0.035851,0.03791
2700000,1,0,0.136558,4.68833,0.264862,0.03698
2700000,2,0,0.068291,4.82586,0.438019,0.0949
2700000,3,0,0.109039,4.60535,0.652718,0.13337
2700000,4,0,0.104759,4.57906,0.795647,0.12316
2710000,0,0,0.080589,4.74813,0.035896,0.03787
2710000,1,0,0.148628,4.64074,0.284439,0.04132
2710000,2,0,0.072296,4.80302,0.452286,0.098
2710000,3,0,0.120331,4.5593,0.668205,0.14932
2710000,4,0,0.129547,4.50765,0.808739,0.12793
2720000,0,0,0.080254,4.75018,0.035149,0.03784
2720000,1,0,0.142006,4.67686,0.284447,0.03675
2720000,2,0,0.069954,4.80691,0.456749,0.09552
2720000,3,0,0.104851,4.60911,0.658874,0.12538
2720000,4,0,0.108749,4.58415,0.798798,0.12377
2730000,0,0,0.080528,4.74958,0.036438,0.03751
2730000,1,0,0.149986,4.65134,0.282394,0.0386
2730000,2,0,0.068664,4.82427,0.449982,0.09492
2730000,3,0,0.114449,4.59849,0.659477,0.12873
2730000,4,0,0.116905,4.55772,0.800529,0.12393
2740000,0,0,0.080238,4.75026,0.035431,0.03775
2740000,1,0,0.139053,4.65844,0.299408,0.03532
2740000,2,0,0.068039,4.82486,0.44323,0.09499
2740000,3,0,0.110397,4.58911,0.658379,0.12724
2740000,4,0,0.116951,4.55737,0.796005,0.12327
2750000,0,0,0.080643,4.75068,0.035698,0.0375
2750000,1,0,0.145432,4.66039,0.277718,0.0364
2750000,2,0,0.067543,4.83128,0.430687,0.09574
2750000,3,0,0.109398,4.63426,0.6427,0.13301
2750000,4,0,0.113014,4.555,0.799171,0.12364
2760000,0,0,0.08049,4.75261,0.035187,0.03739
2760000,1,0,0.147362,4.63767,0.278976,0.0358
2760000,2,0,0.066299,4.83363,0.431953,0.09381
2760000,3,0,0.109177,4.62152,0.64222,0.13216
2760000,4,0,0.117165,4.53712,0.796806,0.12458
2770000,0,0,0.081078,4.75176,0.035141,0.03752
2770000,1,0,0.150078,4.64679,0.282608,0.0369
2770000,2,0,0.074577,4.81756,0.449036,0.09543
2770000,3,0,0.105736,4.65027,0.645447,0.12676
2770000,4,0,0.109527,4.56731,0.802704,0.12204
2780000,0,0,0.080704,4.752,0.034996,0.03726
2780000,1,0,0.143547,4.64956,0.289513,0.03491
2780000,2,0,0.070679,4.82314,0.455688,0.09449
2780000,3,0,0.102852,4.63304,0.660553,0.12187
2780000,4,0,0.119926,4.5563,0.80722,0.12446
2790000,0,0,0.080597,4.75328,0.035538,0.03722
2790000,1,0,0.146225,4.65872,0.275917,0.03361
2790000,2,0,0.067734,4.83785,0.436195,0.09472
2790000,3,0,0.101433,4.64475,0.637665,0.12406
2790000,4,0,0.110977,4.57692,0.795387,0.12067
2800000,0,0,0.080841,4.75351,0.034599,0.03694
2800000,1,0,0.143066,4.66146,0.269653,0.04056
2800000,2,0,0.065872,4.8327,0.446938,0.0939
2800000,3,0,0.114464,4.59375,0.655846,0.12456
2800000,4,0,0.124619,4.52815,0.807541,0.12533
2810000,0,0,0.0812,4.75264,0.034897,0.03686
2810000,1,0,0.149002,4.63036,0.277786,0.03597
2810000,2,0,0.074089,4.80474,0.450851,0.09597
2810000,3,0,0.112084,4.58934,0.652931,0.13002
2810000,4,0,0.134506,4.45342,0.81028,0.13007
2820000,0,0,0.081428,4.75407,0.035431,0.03676
2820000,1,0,0.141067,4.67488,0.277,0.03351
2820000,2,0,0.067947,4.82754,0.45015,0.09472
2820000,3,0,0.104759,4.62923,0.656662,0.12066
2820000,4,0,0.119728,4.52444,0.815277,0.12391
2830000,0,0,0.081543,4.75272,0.035149,0.03666
2830000,1,0,0.142906,4.65901,0.260941,0.03466
2830000,2,0,0.067795,4.82556,0.437523,0.09432
2830000,3,0,0.104485,4.64279,0.651108,0.12286
2830000,4,0,0.117767,4.55283,0.802391,0.12378
2840000,0,0,0.08136,4.75474,0.035637,0.03671
2840000,1,0,0.144501,4.66312,0.255524,0.03163
2840000,2,0,0.066986,4.83146,0.41806,0.09382
2840000,3,0,0.108063,4.62265,0.630882,0.12424
2840000,4,0,0.113022,4.54254,0.786835,0.12215
2850000,0,0,0.082314,4.75396,0.036011,0.03681
2850000,1,0,0.144928,4.66657,0.25737,0.03386
2850000,2,0,0.067429,4.82842,0.418381,0.09479
2850000,3,0,0.103806,4.64606,0.625984,0.12746
2850000,4,0,0.11821,4.51715,0.788376,0.12321
2860000,0,0,0.082062,4.75349,0.035759,0.03649
2860000,1,0,0.139503,4.67242,0.2715,0.03348
2860000,2,0,0.066696,4.82659,0.445625,0.09403
2860000,3,0,0.106789,4.59705,0.653725,0.12932
2860000,4,0,0.114708,4.54768,0.808441,0.1232
2870000,0,0,0.082764,4.75267,0.035339,0.03647
2870000,1,0,0.136726,4.68295,0.264267,0.03155
2870000,2,0,0.066475,4.82749,0.432419,0.09377
2870000,3,0,0.108345,4.6349,0.635521,0.13244
2870000,4,0,0.119812,4.55687,0.795754,0.12103
2880000,0,0,0.083183,4.75454,0.034737,0.03642
2880000,1,0,0.13604,4.68458,0.263359,0.03383
2880000,2,0,0.064911,4.8359,0.438057,0.0934
2880000,3,0,0.113991,4.62024,0.644455,0.12456
2880000,4,0,0.121719,4.53859,0.803619,0.12315
2890000,0,0,0.08313,4.75322,0.035446,0.03642
2890000,1,0,0.142921,4.67043,0.27668,0.03368
2890000,2,0,0.073219,4.8009,0.452774,0.09664
2890000,3,0,0.114273,4.5816,0.672668,0.13798
2890000,4,0,0.141075,4.42147,0.829994,0.12864
2900000,0,0,0.083702,4.75333,0.034729,0.0365
2900000,1,0,0.144485,4.65953,0.271446,0.03196
2900000,2,0,0.064987,4.84271,0.451614,0.09257
2900000,3,0,0.10376,4.66432,0.664261,0.12051
2900000,4,0,0.119057,4.55287,0.823113,0.12143
2910000,0,0,0.084045,4.75171,0.03466,0.03633
2910000,1,0,0.14061,4.66775,0.264214,0.03134
2910000,2,0,0.067482,4.83153,0.427177,0.0942
2910000,3,0,0.101975,4.65233,0.635582,0.12389
2910000,4,0,0.118523,4.52061,0.796661,0.12333
2920000,0,0,0.084297,4.75368,0.035271,0.03641
2920000,1,0,0.140419,4.68067,0.266945,0.03031
2920000,2,0,0.067444,4.82971,0.422508,0.09458
2920000,3,0,0.110726,4.60911,0.629143,0.13317
2920000,4,0,0.129593,4.48214,0.789574,0.12365
2930000,0,0,0.084412,4.75141,0.036674,0.03681
2930000,1,0,0.14241,4.66443,0.267548,0.03275
2930000,2,0,0.066826,4.83069,0.427757,0.09439
2930000,3,0,0.111877,4.62487,0.637512,0.13958
2930000,4,0,0.118385,4.51637,0.802719,0.12241
2940000,0,0,0.084595,4.75122,0.034668,0.03646
2940000,1,0,0.147293,4.65694,0.262085,0.03353
2940000,2,0,0.070755,4.81754,0.437637,0.09584
2940000,3,0,0.106629,4.62931,0.63755,0.13074
2940000,4,0,0.115959,4.54001,0.79509,0.12079
2950000,0,0,0.084877,4.74993,0.035767,0.03635
2950000,1,0,0.144524,4.65913,0.265625,0.03375
2950000,2,0,0.064987,4.83662,0.425316,0.09402
2950000,3,0,0.105499,4.6385,0.626793,0.12722
2950000,4,0,0.108887,4.55998,0.792458,0.12031
2960000,0,0,0.084923,4.74966,0.035599,0.03658
2960000,1,0,0.148239,4.65787,0.258079,0.02998
2960000,2,0,0.063255,4.84509,0.421661,0.09208
2960000,3,0,0.111557,4.6373,0.632317,0.13269
2960000,4,0,0.120445,4.5393,0.793991,0.12279
2970000,0,0,0.085419,4.74718,0.034729,0.03649
2970000,1,0,0.14817,4.64332,0.258415,0.03397
2970000,2,0,0.064972,4.83603,0.420372,0.09433
2970000,3,0,0.101456,4.64976,0.634384,0.1162
2970000,4,0,0.122108,4.54178,0.803497,0.1217
2980000,0,0,0.085335,4.74628,0.035111,0.0366
2980000,1,0,0.137451,4.68065,0.267708,0.03203
2980000,2,0,0.06588,4.83372,0.443337,0.09379
2980000,3,0,0.099129,4.6405,0.643417,0.12392
2980000,4,0,0.121963,4.514,0.80854,0.12411
2990000,0,0,0.085991,4.74058,0.03537,0.0372
2990000,1,0,0.134026,4.68455,0.263618,0.03186
2990000,2,0,0.067726,4.83054,0.43502,0.09494
2990000,3,0,0.09816,4.67747,0.631897,0.11978
2990000,4,0,0.113365,4.54763,0.801208,0.12079
3000000,0,0,0.086044,4.7421,0.035522,0.03786
3000000,1,0,0.139679,4.66891,0.271141,0.03077
3000000,2,0,0.065659,4.83504,0.435234,0.09344
3000000,3,0,0.101151,4.64735,0.636276,0.11705
3000000,4,0,0.1259,4.45881,0.81163,0.12683
3010000,0,0,0.084961,4.74745,0.037064,0.03787
3010000,1,0,0.134224,4.69671,0.27945,0.03029
3010000,2,0,0.068993,4.8216,0.440811,0.09471
3010000,3,0,0.105209,4.63224,0.655022,0.13489
3010000,4,0,0.136536,4.45306,0.821686,0.12551
3020000,0,0,0.085281,4.74924,0.036118,0.03803
3020000,1,0,0.147347,4.6441,0.27227,0.02984
3020000,2,0,0.071968,4.80902,0.433647,0.09574
3020000,3,0,0.102844,4.6542,0.634728,0.12725
3020000,4,0,0.122528,4.45477,0.803703,0.128
3030000,0,0,0.084381,4.75363,0.037331,0.03773
3030000,1,0,0.139351,4.68047,0.288818,0.02955
3030000,2,0,0.068726,4.82357,0.450233,0.09529
3030000,3,0,0.099915,4.64094,0.653473,0.12217
3030000,4,0,0.109123,4.54913,0.818954,0.12087
3040000,0,0,0.084198,4.75477,0.037727,0.03748
3040000,1,0,0.139099,4.67207,0.269699,0.0313
3040000,2,0,0.065842,4.82752,0.441505,0.09443
3040000,3,0,0.109924,4.62684,0.644913,0.13001
3040000,4,0,0.135155,4.48483,0.810684,0.1227
3050000,0,0,0.083359,4.75711,0.036385,0.03747
3050000,1,0,0.138779,4.68047,0.265259,0.03131
3050000,2,0,0.067001,4.83583,0.42411,0.09328
3050000,3,0,0.110496,4.61681,0.639397,0.13393
3050000,4,0,0.114761,4.57485,0.803604,0.11859
3060000,0,0,0.083237,4.75993,0.036606,0.03719
3060000,1,0,0.136139,4.67608,0.28463,0.02926
3060000,2,0,0.066009,4.83488,0.439049,0.09344
3060000,3,0,0.100067,4.65262,0.645012,0.12088
3060000,4,0,0.117874,4.51841,0.804756,0.1209
3070000,0,0,0.082489,4.76157,0.035965,0.03678
3070000,1,0,0.134056,4.67425,0.285858,0.02955
3070000,2,0,0.073036,4.80261,0.447937,0.09527
3070000,3,0,0.119446,4.56198,0.661491,0.1358
3070000,4,0,0.132835,4.45821,0.820473,0.12598
3080000,0,0,0.082726,4.76068,0.035049,0.0372
3080000,1,0,0.128891,4.70345,0.276436,0.02658
3080000,2,0,0.066261,4.83299,0.455673,0.09347
3080000,3,0,0.108772,4.59629,0.679382,0.12686
3080000,4,0,0.124001,4.47946,0.834923,0.12351
3090000,0,0,0.082924,4.76258,0.035065,0.03687
3090000,1,0,0.133476,4.71338,0.259788,0.02772
3090000,2,0,0.066261,4.84122,0.420898,0.09249
3090000,3,0,0.09626,4.67567,0.634857,0.11803
3090000,4,0,0.106888,4.56415,0.801514,0.11802
3100000,0,0,0.082069,4.76453,0.03672,0.03717
3100000,1,0,0.12632,4.71625,0.256897,0.02828
3100000,2,0,0.065163,4.83895,0.411926,0.09379
3100000,3,0,0.104927,4.63064,0.624313,0.12
3100000,4,0,0.126686,4.51105,0.798691,0.12341
3110000,0,0,0.082725,4.7655,0.035492,0.03721
3110000,1,0,0.129082,4.69437,0.263245,0.02907
3110000,2,0,0.067009,4.8339,0.439339,0.09424
3110000,3,0,0.105354,4.6364,0.652969,0.12622
3110000,4,0,0.121826,4.50828,0.819229,0.12087
3120000,0,0,0.082642,4.76554,0.03553,0.03701
3120000,1,0,0.125137,4.71579,0.259766,0.02652
3120000,2,0,0.064529,4.84364,0.424789,0.09245
3120000,3,0,0.112236,4.6348,0.634796,0.12761
3120000,4,0,0.116096,4.55704,0.800598,0.11886
3130000,0,0,0.082474,4.76612,0.035507,0.03696
3130000,1,0,0.134438,4.70486,0.266075,0.02722
3130000,2,0,0.069077,4.82726,0.425613,0.09483
3130000,3,0,0.11058,4.61558,0.639664,0.1371
3130000,4,0,0.13047,4.48487,0.806488,0.12361
3140000,0,0,0.082779,4.76624,0.036133,0.03708
3140000,1,0,0.140381,4.66051,0.271088,0.02918
3140000,2,0,0.068985,4.83097,0.434853,0.0939
3140000,3,0,0.098427,4.65869,0.647667,0.12272
3140000,4,0,0.122498,4.50138,0.819321,0.12258
3150000,0,0,0.082832,4.76682,0.035599,0.03697
3150000,1,0,0.131927,4.70101,0.260124,0.02453
3150000,2,0,0.06485,4.83418,0.424042,0.09391
3150000,3,0,0.094742,4.6524,0.625458,0.12098
3150000,4,0,0.116524,4.51233,0.798569,0.12195
3160000,0,0,0.08271,4.76713,0.035217,0.03714
3160000,1,0,0.132164,4.67626,0.269211,0.02833
3160000,2,0,0.069138,4.81524,0.42614,0.09451
3160000,3,0,0.110596,4.60939,0.634903,0.12741
3160000,4,0,0.117683,4.53083,0.807114,0.12189
3170000,0,0,0.082695,4.76811,0.035271,0.0371
3170000,1,0,0.133392,4.70565,0.277016,0.02681
3170000,2,0,0.064178,4.83324,0.438362,0.09371
3170000,3,0,0.105576,4.63507,0.643181,0.12083
3170000,4,0,0.121918,4.5126,0.801422,0.12146
3180000,0,0,0.083183,4.76835,0.035622,0.03711
3180000,1,0,0.130417,4.69971,0.269508,0.02932
3180000,2,0,0.065483,4.831,0.433067,0.09482
3180000,3,0,0.109505,4.63812,0.644066,0.12064
3180000,4,0,0.124893,4.50231,0.8022,0.12298
3190000,0,0,0.082474,4.76953,0.034203,0.03685
3190000,1,0,0.132736,4.69946,0.269348,0.0251
3190000,2,0,0.066246,4.84061,0.437264,0.09392
3190000,3,0,0.107407,4.63767,0.650612,0.13841
3190000,4,0,0.131966,4.50763,0.818108,0.11995
3200000,0,0,0.083199,4.76851,0.035553,0.03713
3200000,1,0,0.128754,4.70713,0.271141,0.0277
3200000,2,0,0.068069,4.82706,0.440788,0.09382
3200000,3,0,0.115318,4.60401,0.651047,0.13142
3200000,4,0,0.124519,4.47556,0.821091,0.12557
3210000,0,0,0.083527,4.76808,0.035149,0.03719
3210000,1,0,0.128166,4.70992,0.274323,0.0255
3210000,2,0,0.064774,4.8419,0.444229,0.09313
3210000,3,0,0.103813,4.6338,0.659523,0.11776
3210000,4,0,0.122749,4.49557,0.820374,0.12222
3220000,0,0,0.083382,4.76986,0.033813,0.0371
3220000,1,0,0.135765,4.67882,0.270805,0.0265
3220000,2,0,0.069595,4.83129,0.423134,0.09431
3220000,3,0,0.105652,4.66244,0.637383,0.12806
3220000,4,0,0.118721,4.52724,0.809174,0.12025
3230000,0,0,0.083359,4.77025,0.0336,0.03711
3230000,1,0,0.131378,4.70311,0.254364,0.02469
3230000,2,0,0.065071,4.83857,0.413437,0.09337
3230000,3,0,0.101082,4.66247,0.620354,0.12054
3230000,4,0,0.113937,4.56774,0.791168,0.11766
3240000,0,0,0.083992,4.77038,0.034752,0.03675
3240000,1,0,0.120323,4.72439,0.267448,0.02507
3240000,2,0,0.064178,4.83879,0.42028,0.09305
3240000,3,0,0.100304,4.65697,0.623207,0.12767
3240000,4,0,0.116806,4.56336,0.790039,0.11797
3250000,0,0,0.083901,4.76974,0.034866,0.03692
3250000,1,0,0.121162,4.72891,0.263985,0.02708
3250000,2,0,0.06704,4.82849,0.426613,0.09397
3250000,3,0,0.10743,4.61689,0.635948,0.13115
3250000,4,0,0.123962,4.51086,0.802429,0.12106
3260000,0,0,0.084412,4.77011,0.035255,0.03691
3260000,1,0,0.128212,4.71668,0.269455,0.02378
3260000,2,0,0.063911,4.84626,0.428139,0.09252
3260000,3,0,0.106232,4.64222,0.639717,0.12553
3260000,4,0,0.119743,4.5218,0.808655,0.12096
3270000,0,0,0.08403,4.77088,0.034508,0.03702
3270000,1,0,0.135902,4.68775,0.252655,0.02729
3270000,2,0,0.071297,4.82327,0.412903,0.09469
3270000,3,0,0.106628,4.62439,0.630882,0.12009
3270000,4,0,0.116394,4.519,0.79847,0.12158
3280000,0,0,0.084877,4.76973,0.034615,0.03695
3280000,1,0,0.13105,4.69898,0.258644,0.02515
3280000,2,0,0.066277,4.8288,0.424965,0.09399
3280000,3,0,0.107613,4.61654,0.646126,0.12815
3280000,4,0,0.114387,4.51227,0.807892,0.12274
3290000,0,0,0.085106,4.77061,0.034622,0.0367
3290000,1,0,0.127518,4.69752,0.286758,0.02723
3290000,2,0,0.074821,4.79954,0.473526,0.09692
3290000,3,0,0.108429,4.60776,0.673553,0.1209
3290000,4,0,0.122185,4.50227,0.829109,0.12301
3300000,0,0,0.085083,4.7698,0.034668,0.03677
3300000,1,0,0.12838,4.69738,0.261337,0.02501
3300000,2,0,0.065453,4.83347,0.434876,0.09394
3300000,3,0,0.107185,4.60165,0.650558,0.12388
3300000,4,0,0.126823,4.48743,0.808357,0.12188
3310000,0,0,0.085312,4.77137,0.035385,0.0368
3310000,1,0,0.12767,4.6942,0.281403,0.02442
3310000,2,0,0.066811,4.83862,0.431816,0.09456
3310000,3,0,0.110527,4.61752,0.656959,0.14283
3310000,4,0,0.148041,4.4138,0.826279,0.12672
3320000,0,0,0.08625,4.77068,0.03524,0.03686
3320000,1,0,0.120606,4.7108,0.26104,0.02394
3320000,2,0,0.065483,4.8332,0.413963,0.0928
3320000,3,0,0.109985,4.62648,0.634956,0.12389
3320000,4,0,0.113045,4.56585,0.807495,0.11838
3330000,0,0,0.085938,4.77192,0.035263,0.03687
3330000,1,0,0.117561,4.73275,0.271934,0.02344
3330000,2,0,0.063812,4.84378,0.420311,0.09259
3330000,3,0,0.107201,4.6389,0.634499,0.12716
3330000,4,0,0.131874,4.491,0.808334,0.12122
3340000,0,0,0.085991,4.77146,0.034683,0.03697
3340000,1,0,0.123222,4.71902,0.265823,0.02694
3340000,2,0,0.066238,4.83289,0.425026,0.09444
3340000,3,0,0.092667,4.66554,0.636658,0.1183
3340000,4,0,0.131279,4.48465,0.808769,0.12264
3350000,0,0,0.086121,4.77254,0.034676,0.03693
3350000,1,0,0.122047,4.71295,0.263756,0.02909
3350000,2,0,0.07016,4.82754,0.427963,0.09434
3350000,3,0,0.110306,4.62115,0.644478,0.13105
3350000,4,0,0.125366,4.49271,0.813621,0.12203
3360000,0,0,0.086929,4.77133,0.033813,0.03675
3360000,1,0,0.116928,4.73621,0.277824,0.02338
3360000,2,0,0.065697,4.84597,0.43441,0.09263
3360000,3,0,0.102119,4.6431,0.652008,0.12701
3360000,4,0,0.117805,4.53595,0.812866,0.11896
3370000,0,0,0.086624,4.77197,0.034287,0.03694
3370000,1,0,0.124779,4.70718,0.266975,0.02625
3370000,2,0,0.066109,4.8426,0.415092,0.09352
3370000,3,0,0.09687,4.65957,0.637085,0.11427
3370000,4,0,0.125694,4.502,0.80175,0.1219
3380000,0,0,0.087212,4.77183,0.034225,0.03689
3380000,1,0,0.11705,4.73246,0.26561,0.02372
3380000,2,0,0.068245,4.83231,0.429031,0.09408
3380000,3,0,0.106819,4.6186,0.645378,0.12272
3380000,4,0,0.117332,4.51467,0.817612,0.12179
3390000,0,0,0.08783,4.77187,0.034004,0.03668
3390000,1,0,0.119018,4.72171,0.256271,0.02594
3390000,2,0,0.069374,4.82739,0.416878,0.09471
3390000,3,0,0.100838,4.63367,0.625496,0.12626
3390000,4,0,0.115242,4.5163,0.795044,0.12187
3400000,0,0,0.087906,4.77207,0.034393,0.03665
3400000,1,0,0.117508,4.7306,0.269791,0.02392
3400000,2,0,0.066925,4.8308,0.422874,0.09404
3400000,3,0,0.103722,4.63428,0.625565,0.12481
3400000,4,0,0.132111,4.4654,0.800316,0.12323
3410000,0,0,0.088264,4.77138,0.033302,0.03684
3410000,1,0,0.124466,4.71105,0.268028,0.02516
3410000,2,0,0.063248,4.84216,0.424766,0.09323
3410000,3,0,0.107079,4.63498,0.637138,0.12251
3410000,4,0,0.114265,4.55139,0.805115,0.11931
3420000,0,0,0.087982,4.77161,0.03389,0.03675
3420000,1,0,0.118958,4.73135,0.266426,0.02473
3420000,2,0,0.0653,4.83927,0.426765,0.09387
3420000,3,0,0.10257,4.65024,0.645264,0.11734
3420000,4,0,0.116486,4.51482,0.808418,0.12137
3430000,0,0,0.088867,4.77078,0.035171,0.03685
3430000,1,0,0.124702,4.71354,0.266479,0.02453
3430000,2,0,0.066849,4.83509,0.430893,0.09423
3430000,3,0,0.100357,4.65292,0.647751,0.12608
3430000,4,0,0.120552,4.5074,0.814583,0.12132
3440000,0,0,0.088562,4.77144,0.034729,0.03686
3440000,1,0,0.125397,4.70067,0.264961,0.02538
3440000,2,0,0.06559,4.83481,0.4273,0.09363
3440000,3,0,0.105278,4.62342,0.637619,0.12266
3440000,4,0,0.123703,4.48522,0.812866,0.12287
3450000,0,0,0.088898,4.77113,0.034103,0.03685
3450000,1,0,0.12207,4.71271,0.268166,0.02664
3450000,2,0,0.071625,4.81222,0.429901,0.09557
3450000,3,0,0.104034,4.60621,0.63794,0.12525
3450000,4,0,0.123215,4.52477,0.80024,0.11926
3460000,0,0,0.089317,4.77079,0.034393,0.03693
3460000,1,0,0.13166,4.68122,0.296959,0.02744
3460000,2,0,0.069283,4.82392,0.458656,0.0946
3460000,3,0,0.114197,4.5916,0.674843,0.13369
3460000,4,0,0.137886,4.45795,0.830734,0.12316
3470000,0,0,0.089378,4.77186,0.034256,0.03684
3470000,1,0,0.121384,4.70744,0.285149,0.02521
3470000,2,0,0.066795,4.83056,0.440544,0.09402
3470000,3,0,0.104752,4.61931,0.65551,0.12454
3470000,4,0,0.124443,4.50765,0.819153,0.12313
3480000,0,0,0.089722,4.77087,0.03344,0.03677
3480000,1,0,0.121925,4.72285,0.259659,0.02312
3480000,2,0,0.064468,4.83631,0.429916,0.09304
3480000,3,0,0.111053,4.60745,0.651665,0.13934
3480000,4,0,0.128479,4.48075,0.820786,0.12211
3490000,0,0,0.089836,4.77094,0.033501,0.03675
3490000,1,0,0.114891,4.73789,0.263405,0.02509
3490000,2,0,0.066475,4.83804,0.424316,0.09363
3490000,3,0,0.109901,4.6275,0.638023,0.13401
3490000,4,0,0.123383,4.49472,0.807999,0.12325
3500000,0,0,0.089699,4.7718,0.033714,0.03666
3500000,1,0,0.130539,4.69021,0.272514,0.02673
3500000,2,0,0.066635,4.83651,0.442513,0.09483
3500000,3,0,0.116539,4.6137,0.651955,0.14011
3500000,4,0,0.125839,4.48839,0.821129,0.12179
3510000,0,0,0.089989,4.77097,0.034088,0.03671
3510000,1,0,0.11731,4.723,0.271752,0.02459
3510000,2,0,0.068817,4.83168,0.435509,0.09399
3510000,3,0,0.110764,4.63914,0.64679,0.12518
3510000,4,0,0.124649,4.49861,0.813492,0.12058
3520000,0,0,0.090286,4.77062,0.033905,0.03691
3520000,1,0,0.126175,4.71476,0.26413,0.02672
3520000,2,0,0.068359,4.8337,0.426308,0.09424
3520000,3,0,0.105965,4.63854,0.637924,0.13106
3520000,4,0,0.11586,4.53689,0.805862,0.11877
3530000,0,0,0.089958,4.77112,0.032501,0.03694
3530000,1,0,0.116188,4.71992,0.277794,0.02444
3530000,2,0,0.066849,4.82392,0.433693,0.0943
3530000,3,0,0.109405,4.60125,0.645096,0.13137
3530000,4,0,0.12204,4.49679,0.811859,0.12198
3540000,0,0,0.090447,4.77134,0.0345,0.03669
3540000,1,0,0.117157,4.74058,0.260674,0.02244
3540000,2,0,0.062889,4.84357,0.420883,0.09313
3540000,3,0,0.103577,4.63562,0.645309,0.12745
3540000,4,0,0.130936,4.50773,0.812866,0.12056
3550000,0,0,0.090736,4.77093,0.035095,0.03675
3550000,1,0,0.115433,4.72583,0.265373,0.02375
3550000,2,0,0.067024,4.83018,0.420784,0.09435
3550000,3,0,0.111649,4.59682,0.635101,0.12876
3550000,4,0,0.119209,4.53834,0.804558,0.11862
3560000,0,0,0.090942,4.77106,0.034241,0.03672
3560000,1,0,0.115784,4.74638,0.272156,0.02493
3560000,2,0,0.064804,4.84309,0.431465,0.09276
3560000,3,0,0.106491,4.63714,0.651466,0.12317
3560000,4,0,0.122757,4.53347,0.818947,0.11781
3570000,0,0,0.09108,4.77131,0.033775,0.03674
3570000,1,0,0.120415,4.73341,0.263535,0.02531
3570000,2,0,0.064812,4.84116,0.418259,0.09341
3570000,3,0,0.110596,4.62935,0.63501,0.12508
3570000,4,0,0.110191,4.55271,0.803787,0.1186
3580000,0,0,0.090942,4.77106,0.034126,0.03648
3580000,1,0,0.117783,4.72748,0.271027,0.02446
3580000,2,0,0.066544,4.82646,0.435791,0.09464
3580000,3,0,0.105179,4.63457,0.648232,0.12469
3580000,4,0,0.114281,4.53273,0.803825,0.12029
3590000,0,0,0.090988,4.77129,0.033791,0.03662
3590000,1,0,0.126236,4.69878,0.274048,0.02388
3590000,2,0,0.069611,4.82986,0.439354,0.09416
3590000,3,0,0.104553,4.6255,0.648659,0.11803
3590000,4,0,0.117157,4.53628,0.814926,0.11857
3600000,0,0,0.091423,4.76971,0.033592,0.03674
3600000,1,0,0.11805,4.73318,0.272545,0.02343
3600000,2,0,0.063766,4.84477,0.428162,0.09249
3600000,3,0,0.10659,4.62977,0.648796,0.12667
3600000,4,0,0.127029,4.49889,0.813149,0.12068
3610000,0,0,0.09156,4.7696,0.03286,0.03672
3610000,1,0,0.11509,4.73697,0.262955,0.02295
3610000,2,0,0.064934,4.8369,0.418106,0.09351
3610000,3,0,0.116646,4.58433,0.642532,0.13243
3610000,4,0,0.127159,4.51274,0.811088,0.12033
3620000,0,0,0.091545,4.76982,0.033943,0.03675
3620000,1,0,0.114807,4.72911,0.265038,0.02498
3620000,2,0,0.066223,4.83149,0.424026,0.09393
3620000,3,0,0.115486,4.59745,0.644531,0.13564
3620000,4,0,0.116066,4.53657,0.808441,0.11821
3630000,0,0,0.09169,4.77003,0.033943,0.03652
3630000,1,0,0.113762,4.74304,0.268341,0.02188
3630000,2,0,0.067658,4.82971,0.424629,0.09403
3630000,3,0,0.10907,4.60779,0.645622,0.12841
3630000,4,0,0.12899,4.44496,0.816376,0.1245
3640000,0,0,0.092308,4.7683,0.034355,0.0366
3640000,1,0,0.111046,4.75357,0.260216,0.02397
3640000,2,0,0.064743,4.83853,0.429039,0.09338
3640000,3,0,0.106339,4.65397,0.64682,0.12637
3640000,4,0,0.117928,4.53144,0.813248,0.11874
3650000,0,0,0.09185,4.76838,0.033005,0.03663
3650000,1,0,0.119766,4.71893,0.269989,0.02468
3650000,2,0,0.066093,4.83301,0.434555,0.09342
3650000,3,0,0.104408,4.62937,0.645584,0.1279
3650000,4,0,0.128914,4.46055,0.818283,0.12414
3660000,0,0,0.092209,4.76927,0.033035,0.03666
3660000,1,0,0.116882,4.7333,0.270538,0.02332
3660000,2,0,0.064094,4.8376,0.423141,0.09296
3660000,3,0,0.106964,4.61972,0.631935,0.12726
3660000,4,0,0.117592,4.5395,0.806564,0.1184
3670000,0,0,0.092224,4.76894,0.033424,0.03677
3670000,1,0,0.11834,4.73263,0.276405,0.02534
3670000,2,0,0.066475,4.82562,0.432487,0.09517
3670000,3,0,0.107674,4.63951,0.644951,0.13443
3670000,4,0,0.117478,4.48786,0.814033,0.12319
3680000,0,0,0.092453,4.76685,0.033798,0.03688
3680000,1,0,0.113503,4.7447,0.285797,0.02297
3680000,2,0,0.067238,4.82654,0.439011,0.09429
3680000,3,0,0.107178,4.62479,0.650345,0.12534
3680000,4,0,0.12603,4.46851,0.824142,0.12437
3690000,0,0,0.091919,4.76728,0.034592,0.03717
3690000,1,0,0.111832,4.74266,0.2789,0.02597
3690000,2,0,0.065269,4.84132,0.436829,0.09328
3690000,3,0,0.104591,4.6333,0.658638,0.12945
3690000,4,0,0.133842,4.46047,0.828026,0.12247
3700000,0,0,0.092072,4.76625,0.033279,0.03738
3700000,1,0,0.118897,4.72814,0.264496,0.02312
3700000,2,0,0.067482,4.83269,0.41507,0.09348
3700000,3,0,0.108887,4.62139,0.629478,0.12947
3700000,4,0,0.121826,4.50554,0.806336,0.12011
3710000,0,0,0.090881,4.7678,0.033607,0.03761
3710000,1,0,0.118393,4.72327,0.27504,0.0237
3710000,2,0,0.064713,4.83808,0.422134,0.09343
3710000,3,0,0.108482,4.61824,0.640037,0.13536
3710000,4,0,0.119507,4.51522,0.809136,0.12035
3720000,0,0,0.090416,4.76848,0.033524,0.0377
3720000,1,0,0.116303,4.73892,0.289513,0.02306
3720000,2,0,0.06575,4.83922,0.430153,0.09328
3720000,3,0,0.107193,4.62601,0.641792,0.13113
3720000,4,0,0.1231,4.51439,0.818413,0.12059
3730000,0,0,0.090233,4.77044,0.034149,0.03742
3730000,1,0,0.109245,4.74754,0.270325,0.02357
3730000,2,0,0.06926,4.82651,0.423576,0.09432
3730000,3,0,0.101616,4.62583,0.642715,0.12387
3730000,4,0,0.12912,4.50345,0.809715,0.12003
3740000,0,0,0.089935,4.77114,0.032989,0.03743
3740000,1,0,0.119797,4.72351,0.280083,0.02422
3740000,2,0,0.063934,4.83936,0.43882,0.09411
3740000,3,0,0.106178,4.63385,0.652069,0.13149
3740000,4,0,0.114838,4.55045,0.819672,0.11941
3750000,0,0,0.088966,4.77369,0.033775,0.03727
3750000,1,0,0.101761,4.77905,0.266968,0.0228
3750000,2,0,0.064148,4.83862,0.416588,0.09314
3750000,3,0,0.102242,4.65477,0.631546,0.11971
3750000,4,0,0.117531,4.53521,0.80423,0.11833
3760000,0,0,0.088295,4.77646,0.033836,0.03697
3760000,1,0,0.11586,4.70131,0.294022,0.02572
3760000,2,0,0.076439,4.79192,0.464584,0.0985
3760000,3,0,0.114494,4.59453,0.67308,0.11786
3760000,4,0,0.138725,4.45986,0.828651,0.12418
3770000,0,0,0.087585,4.77831,0.034019,0.03679
3770000,1,0,0.103981,4.74762,0.304512,0.02178
3770000,2,0,0.066582,4.82374,0.476616,0.09486
3770000,3,0,0.107002,4.61965,0.67643,0.12733
3770000,4,0,0.127304,4.4915,0.836327,0.12263
3780000,0,0,0.087013,4.78115,0.033737,0.0365
3780000,1,0,0.110664,4.75706,0.284286,0.02143
3780000,2,0,0.068413,4.83616,0.440895,0.09296
3780000,3,0,0.103981,4.63169,0.648926,0.12572
3780000,4,0,0.124184,4.47349,0.820961,0.12214
3790000,0,0,0.087074,4.78168,0.033737,0.03618
3790000,1,0,0.114235,4.74392,0.272873,0.02302
3790000,2,0,0.069435,4.82256,0.433556,0.09494
3790000,3,0,0.102882,4.5903,0.659874,0.1233
3790000,4,0,0.122772,4.46371,0.826904,0.12268
3800000,0,0,0.086327,4.78371,0.033569,0.03562
3800000,1,0,0.120514,4.71064,0.27945,0.02479
3800000,2,0,0.066521,4.82813,0.441963,0.09403
3800000,3,0,0.106239,4.6088,0.669876,0.13079
3800000,4,0,0.115341,4.51739,0.831741,0.1206
3810000,0,0,0.085556,4.78569,0.034355,0.0357
3810000,1,0,0.113304,4.75329,0.277344,0.02229
3810000,2,0,0.064713,4.84088,0.428413,0.09293
3810000,3,0,0.10762,4.61644,0.646767,0.12862
3810000,4,0,0.129814,4.46031,0.810021,0.12345
3820000,0,0,0.085602,4.78523,0.033257,0.0355
3820000,1,0,0.103935,4.77183,0.26931,0.02106
3820000,2,0,0.066917,4.8402,0.424461,0.09244
3820000,3,0,0.11734,4.61747,0.648239,0.13274
3820000,4,0,0.127945,4.51395,0.820702,0.12094
3830000,0,0,0.085655,4.78627,0.033501,0.03559
3830000,1,0,0.106339,4.77153,0.263367,0.02265
3830000,2,0,0.06665,4.83516,0.417328,0.09367
3830000,3,0,0.102318,4.64208,0.632431,0.12345
3830000,4,0,0.116989,4.56524,0.79924,0.11608
3840000,0,0,0.085083,4.78612,0.033386,0.0356
3840000,1,0,0.108467,4.75527,0.279472,0.02321
3840000,2,0,0.064324,4.83832,0.431709,0.09401
3840000,3,0,0.111145,4.61767,0.647064,0.13489
3840000,4,0,0.11084,4.53286,0.814194,0.11846
3850000,0,0,0.084496,4.78688,0.033134,0.03524
3850000,1,0,0.107094,4.76785,0.268379,0.02149
3850000,2,0,0.066261,4.84041,0.411835,0.09298
3850000,3,0,0.104813,4.63607,0.632469,0.12895
3850000,4,0,0.124321,4.51485,0.806343,0.11996
3860000,0,0,0.084168,4.78909,0.033951,0.03487
3860000,1,0,0.109039,4.75651,0.27092,0.02136
3860000,2,0,0.073051,4.81509,0.426353,0.0952
3860000,3,0,0.104202,4.62355,0.642517,0.13195
3860000,4,0,0.124458,4.47729,0.810684,0.12344
3870000,0,0,0.083656,4.78979,0.03405,0.0349
3870000,1,0,0.11129,4.76354,0.276108,0.02243
3870000,2,0,0.064987,4.8363,0.436996,0.09328
3870000,3,0,0.104919,4.63231,0.654129,0.1283
3870000,4,0,0.131935,4.47784,0.821198,0.12575
3880000,0,0,0.083504,4.79006,0.032623,0.03492
3880000,1,0,0.109802,4.7444,0.271256,0.02304
3880000,2,0,0.068077,4.83343,0.428383,0.09371
3880000,3,0,0.100784,4.63381,0.636505,0.1263
3880000,4,0,0.126206,4.47379,0.816216,0.12267
3890000,0,0,0.083344,4.79083,0.034035,0.03495
3890000,1,0,0.111679,4.74694,0.28537,0.02302
3890000,2,0,0.065422,4.83339,0.442635,0.09384
3890000,3,0,0.109154,4.61591,0.646477,0.13057
3890000,4,0,0.121635,4.51796,0.817696,0.11928
3900000,0,0,0.082611,4.7923,0.033913,0.03465
3900000,1,0,0.110611,4.75133,0.270645,0.02208
3900000,2,0,0.066597,4.8392,0.427292,0.09284
3900000,3,0,0.111816,4.58572,0.644608,0.13649
3900000,4,0,0.131859,4.49276,0.815086,0.1216
3910000,0,0,0.082268,4.79453,0.032875,0.03467
3910000,1,0,0.105583,4.77331,0.26992,0.02195
3910000,2,0,0.069,4.82655,0.425324,0.09407
3910000,3,0,0.111885,4.5908,0.655281,0.13875
3910000,4,0,0.137016,4.45142,0.825165,0.12431
3920000,0,0,0.081474,4.79704,0.033485,0.03441
3920000,1,0,0.106094,4.75783,0.277351,0.02303
3920000,2,0,0.066719,4.83935,0.446358,0.09355
3920000,3,0,0.11351,4.61748,0.670876,0.1421
3920000,4,0,0.130569,4.48224,0.830551,0.12202
3930000,0,0,0.081459,4.79805,0.03376,0.0344
3930000,1,0,0.103851,4.77603,0.262581,0.0219
3930000,2,0,0.067841,4.82829,0.436638,0.09443
3930000,3,0,0.102119,4.62249,0.658516,0.1257
3930000,4,0,0.120911,4.50643,0.829445,0.11923
3940000,0,0,0.081139,4.79914,0.033798,0.03451
3940000,1,0,0.109024,4.74041,0.27066,0.02189
3940000,2,0,0.068794,4.81834,0.42456,0.09524
3940000,3,0,0.102623,4.59862,0.646957,0.13064
3940000,4,0,0.120888,4.49668,0.812332,0.12091
3950000,0,0,0.081375,4.80013,0.033798,0.03439
3950000,1,0,0.106873,4.75896,0.279213,0.02191
3950000,2,0,0.0635,4.84356,0.438263,0.09328
3950000,3,0,0.103287,4.64936,0.65329,0.12284
3950000,4,0,0.115563,4.52476,0.817131,0.11839
3960000,0,0,0.08062,4.80268,0.033844,0.03458
3960000,1,0,0.106529,4.76516,0.28083,0.02291
3960000,2,0,0.065445,4.83814,0.427612,0.09365
3960000,3,0,0.121315,4.58129,0.652306,0.13191
3960000,4,0,0.126793,4.46881,0.816132,0.12303
3970000,0,0,0.080116,4.80365,0.032364,0.03452
3970000,1,0,0.109528,4.75738,0.280121,0.0225
3970000,2,0,0.067543,4.82823,0.440865,0.09469
3970000,3,0,0.108246,4.62978,0.66935,0.13689
3970000,4,0,0.126976,4.49862,0.831436,0.11981
3980000,0,0,0.079597,4.80536,0.034035,0.03439
3980000,1,0,0.103462,4.77371,0.270012,0.02281
3980000,2,0,0.066223,4.84292,0.428299,0.09308
3980000,3,0,0.110947,4.61779,0.651031,0.12666
3980000,4,0,0.129227,4.47082,0.819145,0.12319
3990000,0,0,0.079773,4.80557,0.032768,0.03432
3990000,1,0,0.105965,4.76326,0.275414,0.02168
3990000,2,0,0.064064,4.84851,0.425278,0.09277
3990000,3,0,0.110313,4.61348,0.648964,0.12695
3990000,4,0,0.113312,4.54089,0.819435,0.11809
4000000,0,0,0.078621,4.80763,0.033745,0.03421
4000000,1,0,0.110512,4.76049,0.267708,0.02244
4000000,2,0,0.06459,4.84092,0.423843,0.09318
4000000,3,0,0.099495,4.65019,0.64209,0.11727
4000000,4,0,0.122437,4.53113,0.80616,0.11868
4010000,0,0,0.078278,4.80917,0.033707,0.03399
4010000,1,0,0.104851,4.76709,0.272285,0.02186
4010000,2,0,0.067574,4.83053,0.427757,0.09408
4010000,3,0,0.111351,4.60182,0.651466,0.12379
4010000,4,0,0.118347,4.48698,0.812736,0.12197
4020000,0,0,0.078392,4.809,0.032333,0.03422
4020000,1,0,0.10614,4.76707,0.269112,0.0214
4020000,2,0,0.070023,4.8146,0.430557,0.09535
4020000,3,0,0.111061,4.6141,0.65242,0.12733
4020000,4,0,0.121185,4.5088,0.812439,0.1214
4030000,0,0,0.078148,4.80996,0.032478,0.03413
4030000,1,0,0.106064,4.76325,0.268974,0.02207
4030000,2,0,0.064026,4.84158,0.426567,0.0935
4030000,3,0,0.112434,4.64138,0.640076,0.12975
4030000,4,0,0.124878,4.50047,0.811867,0.11993
4040000,0,0,0.078117,4.81119,0.03286,0.03401
4040000,1,0,0.10154,4.78203,0.266365,0.02296
4040000,2,0,0.063446,4.83946,0.421661,0.09366
4040000,3,0,0.105454,4.6344,0.641243,0.12531
4040000,4,0,0.133743,4.49689,0.807404,0.12005
4050000,0,0,0.077805,4.81072,0.032509,0.03407
4050000,1,0,0.102791,4.77875,0.26226,0.02184
4050000,2,0,0.064392,4.84381,0.412285,0.09304
4050000,3,0,0.104774,4.64177,0.629997,0.13229
4050000,4,0,0.126083,4.48537,0.806267,0.12174
4060000,0,0,0.077843,4.8111,0.033081,0.03398
4060000,1,0,0.104515,4.76797,0.276161,0.02171
4060000,2,0,0.063828,4.84836,0.421356,0.09321
4060000,3,0,0.106407,4.63074,0.644081,0.11967
4060000,4,0,0.128235,4.50436,0.818466,0.12063
4070000,0,0,0.077804,4.81096,0.032562,0.03398
4070000,1,0,0.103912,4.78009,0.277336,0.02124
4070000,2,0,0.065903,4.84314,0.420898,0.0936
4070000,3,0,0.109329,4.62834,0.645988,0.12921
4070000,4,0,0.132248,4.46392,0.82402,0.12228
4080000,0,0,0.077064,4.81405,0.033119,0.03374
4080000,1,0,0.106003,4.77589,0.281731,0.02303
4080000,2,0,0.065422,4.84921,0.43251,0.093
4080000,3,0,0.112213,4.61168,0.65345,0.13774
4080000,4,0,0.120651,4.51789,0.822807,0.12032
4090000,0,0,0.076584,4.81344,0.032745,0.03365
4090000,1,0,0.10807,4.76198,0.264839,0.02204
4090000,2,0,0.072754,4.80532,0.424988,0.09663
4090000,3,0,0.103821,4.62814,0.648735,0.12297
4090000,4,0,0.118759,4.50384,0.815498,0.12096
4100000,0,0,0.076836,4.81445,0.032539,0.03352
4100000,1,0,0.105995,4.77942,0.279297,0.02186
4100000,2,0,0.063011,4.84539,0.431747,0.09311
4100000,3,0,0.11145,4.5942,0.650521,0.12762
4100000,4,0,0.126419,4.47521,0.813431,0.12204
4110000,0,0,0.076454,4.81552,0.033257,0.03335
4110000,1,0,0.100479,4.78129,0.27726,0.02158
4110000,2,0,0.069374,4.8209,0.428787,0.09547
4110000,3,0,0.109673,4.597,0.661537,0.12599
4110000,4,0,0.131599,4.46383,0.82177,0.12179
4120000,0,0,0.076889,4.81534,0.032501,0.03324
4120000,1,0,0.100838,4.7886,0.278877,0.02088
4120000,2,0,0.061638,4.84718,0.436615,0.09319
4120000,3,0,0.098671,4.66528,0.659805,0.12687
4120000,4,0,0.122826,4.51242,0.825348,0.11991
4130000,0,0,0.076782,4.81635,0.03196,0.0333
4130000,1,0,0.094063,4.80489,0.267273,0.02006
4130000,2,0,0.066788,4.83341,0.418953,0.09379
4130000,3,0,0.108932,4.62385,0.638336,0.12739
4130000,4,0,0.116333,4.5323,0.808174,0.11829
4140000,0,0,0.076141,4.81719,0.032723,0.03308
4140000,1,0,0.103409,4.79074,0.264847,0.02166
4140000,2,0,0.063507,4.84247,0.418037,0.09324
4140000,3,0,0.103081,4.63671,0.638901,0.12367
4140000,4,0,0.130424,4.45229,0.815201,0.12402
4150000,0,0,0.076462,4.81785,0.032013,0.03297
4150000,1,0,0.104416,4.78541,0.273285,0.0229
4150000,2,0,0.062927,4.84445,0.419968,0.09364
4150000,3,0,0.107063,4.63965,0.64061,0.12099
4150000,4,0,0.12635,4.49362,0.816658,0.12237
4160000,0,0,0.07634,4.81791,0.031166,0.03281
4160000,1,0,0.1101,4.78208,0.26609,0.02051
4160000,2,0,0.06247,4.8533,0.420578,0.09171
4160000,3,0,0.106987,4.62769,0.649864,0.1288
4160000,4,0,0.116837,4.53657,0.819954,0.11742
4170000,0,0,0.076736,4.81869,0.031074,0.03293
4170000,1,0,0.096146,4.79446,0.257378,0.01903
4170000,2,0,0.063736,4.84746,0.398453,0.09245
4170000,3,0,0.1054,4.62679,0.622391,0.12665
4170000,4,0,0.114555,4.53143,0.793778,0.11899
4180000,0,0,0.076248,4.81911,0.032135,0.03278
4180000,1,0,0.094215,4.79407,0.262665,0.02199
4180000,2,0,0.067635,4.83706,0.418076,0.09412
4180000,3,0,0.110336,4.61274,0.638679,0.12278
4180000,4,0,0.121315,4.51756,0.813843,0.11985
4190000,0,0,0.075768,4.81946,0.031868,0.03272
4190000,1,0,0.10173,4.79525,0.274719,0.01994
4190000,2,0,0.066055,4.84331,0.421906,0.09357
4190000,3,0,0.103211,4.63896,0.647003,0.12393
4190000,4,0,0.122841,4.51338,0.814964,0.11793
4200000,0,0,0.075912,4.82075,0.032173,0.03255
4200000,1,0,0.100159,4.79145,0.266457,0.02049
4200000,2,0,0.064552,4.83466,0.415237,0.09428
4200000,3,0,0.112915,4.59772,0.643898,0.1313
4200000,4,0,0.131409,4.47361,0.817841,0.12225
4210000,0,0,0.076546,4.82023,0.031547,0.03255
4210000,1,0,0.10128,4.79409,0.271706,0.02163
4210000,2,0,0.063972,4.84651,0.420067,0.09292
4210000,3,0,0.103104,4.64021,0.646324,0.12571
4210000,4,0,0.130402,4.48071,0.821991,0.12166
4220000,0,0,0.076416,4.82073,0.031723,0.03256
4220000,1,0,0.100136,4.80098,0.275886,0.02133
4220000,2,0,0.061455,4.8479,0.416603,0.09322
4220000,3,0,0.09687,4.66544,0.643364,0.11651
4220000,4,0,0.115204,4.53307,0.809097,0.11883
4230000,0,0,0.075615,4.82077,0.031944,0.03252
4230000,1,0,0.101456,4.79882,0.262764,0.02037
4230000,2,0,0.062592,4.84329,0.412941,0.09312
4230000,3,0,0.106666,4.62756,0.635933,0.12296
4230000,4,0,0.131462,4.47998,0.807175,0.12185
4240000,0,0,0.075966,4.82195,0.0317,0.03233
4240000,1,0,0.095116,4.81035,0.261978,0.02056
4240000,2,0,0.065132,4.84355,0.407509,0.0934
4240000,3,0,0.106079,4.64453,0.631912,0.11921
4240000,4,0,0.116539,4.5134,0.809296,0.12045
4250000,0,0,0.075806,4.82239,0.031204,0.03239
4250000,1,0,0.103478,4.79281,0.268646,0.02171
4250000,2,0,0.067612,4.83505,0.418152,0.09426
4250000,3,0,0.111282,4.60003,0.644783,0.12372
4250000,4,0,0.126541,4.49483,0.812584,0.12106
4260000,0,0,0.07608,4.82203,0.031853,0.03238
4260000,1,0,0.099068,4.79948,0.278244,0.01996
4260000,2,0,0.06485,4.83679,0.434509,0.0937
4260000,3,0,0.104439,4.65561,0.652176,0.12709
4260000,4,0,0.12426,4.47886,0.822578,0.12147
4270000,0,0,0.075333,4.8239,0.032806,0.03223
4270000,1,0,0.100342,4.79562,0.270691,0.02224
4270000,2,0,0.065086,4.84037,0.427055,0.0944
4270000,3,0,0.107368,4.62872,0.649132,0.13016
4270000,4,0,0.122429,4.52501,0.820114,0.1179
4280000,0,0,0.076462,4.82137,0.03315,0.03221
4280000,1,0,0.092743,4.80122,0.27771,0.02092
4280000,2,0,0.06662,4.83283,0.433281,0.09425
4280000,3,0,0.113342,4.58481,0.660477,0.13067
4280000,4,0,0.119774,4.49559,0.820229,0.12013
4290000,0,0,0.075363,4.82423,0.032104,0.03211
4290000,1,0,0.100189,4.78937,0.277435,0.02099
4290000,2,0,0.069901,4.83385,0.42939,0.09416
4290000,3,0,0.112564,4.62219,0.653633,0.13155
4290000,4,0,0.136772,4.46389,0.817299,0.1224
4300000,0,0,0.07576,4.82422,0.032211,0.03215
4300000,1,0,0.099442,4.78334,0.283516,0.02154
4300000,2,0,0.066513,4.8361,0.426018,0.09444
4300000,3,0,0.109772,4.59392,0.640511,0.13022
4300000,4,0,0.129013,4.47808,0.816788,0.12274
4310000,0,0,0.075493,4.8241,0.031303,0.03209
4310000,1,0,0.091476,4.81216,0.263687,0.01947
4310000,2,0,0.062019,4.85051,0.404808,0.09279
4310000,3,0,0.105339,4.61605,0.627884,0.13169
4310000,4,0,0.127045,4.49604,0.80162,0.12221
4320000,0,0,0.075508,4.82482,0.031593,0.03189
4320000,1,0,0.096397,4.79279,0.274376,0.02012
4320000,2,0,0.063774,4.83948,0.421989,0.09325
4320000,3,0,0.105591,4.59987,0.645767,0.13257
4320000,4,0,0.138054,4.41101,0.822609,0.1283
4330000,0,0,0.07547,4.82532,0.031502,0.03201
4330000,1,0,0.093803,4.80764,0.276802,0.02026
4330000,2,0,0.06739,4.83815,0.427063,0.09321
4330000,3,0,0.116775,4.59473,0.65554,0.13914
4330000,4,0,0.119904,4.5062,0.825577,0.11977
4340000,0,0,0.07592,4.82496,0.032738,0.03206
4340000,1,0,0.096191,4.80215,0.272995,0.02035
4340000,2,0,0.065483,4.84346,0.427643,0.09314
4340000,3,0,0.105278,4.63654,0.652306,0.13051
4340000,4,0,0.128563,4.45772,0.817719,0.12416
4350000,0,0,0.075363,4.82675,0.032463,0.0319
4350000,1,0,0.103516,4.7895,0.268982,0.02082
4350000,2,0,0.066544,4.83323,0.41993,0.0942
4350000,3,0,0.112129,4.59855,0.641037,0.13109
4350000,4,0,0.120148,4.48117,0.819748,0.12146
4360000,0,0,0.075417,4.82616,0.032265,0.0318
4360000,1,0,0.099518,4.78876,0.269966,0.02204
4360000,2,0,0.068947,4.8321,0.415535,0.0955
4360000,3,0,0.120201,4.5473,0.644905,0.12758
4360000,4,0,0.122124,4.48203,0.814697,0.12269
4370000,0,0,0.075767,4.82654,0.032692,0.032
4370000,1,0,0.101593,4.78594,0.271721,0.02032
4370000,2,0,0.067085,4.83554,0.422844,0.09422
4370000,3,0,0.111313,4.61379,0.664001,0.12441
4370000,4,0,0.127243,4.46598,0.830154,0.12219
4380000,0,0,0.07605,4.82578,0.032105,0.03179
4380000,1,0,0.094994,4.81445,0.280617,0.01887
4380000,2,0,0.065491,4.83453,0.421516,0.0947
4380000,3,0,0.116791,4.58385,0.646294,0.13551
4380000,4,0,0.131622,4.46374,0.822395,0.12283
4382200,0,0,0.07502,4.8279,0.027267,0.03173
4382200,1,0,0.094208,4.80457,0.259331,0.02079
4382200,2,0,0.067543,4.83665,0.412056,0.09427
4382200,3,0,0.108864,4.62995,0.639694,0.12367
4382200,4,0,0.124809,4.48879,0.816887,0.12087
4382300,0,0,0.075569,4.8263,0.015427,0.03185
4382300,1,0,0.101128,4.80109,0.258446,0.02229
4382300,2,0,0.065651,4.84198,0.400902,0.09381
4382300,3,0,0.105896,4.61208,0.617973,0.13233
4382300,4,0,0.132973,4.45982,0.792984,0.12389
4382400,0,0,0.0756,4.82656,0.015549,0.0318
4382400,1,0,0.097145,4.79631,0.262222,0.02117
4382400,2,0,0.067925,4.83016,0.415916,0.09436
4382400,3,0,0.109955,4.6048,0.638153,0.12886
4382400,4,0,0.133186,4.45478,0.807121,0.12309
4382500,0,0,0.075462,4.82651,0.015701,0.03176
4382500,1,0,0.094994,4.81028,0.260399,0.02069
4382500,2,0,0.063995,4.84156,0.406006,0.09431
4382500,3,0,0.105606,4.64011,0.626846,0.12623
4382500,4,0,0.127151,4.51514,0.797638,0.11868
4382600,0,0,0.075264,4.82697,0.016083,0.03176
4382600,1,0,0.096374,4.79852,0.251076,0.02027
4382600,2,0,0.065529,4.83649,0.394112,0.09424
4382600,3,0,0.10302,4.6152,0.618805,0.12504
4382600,4,0,0.129929,4.44522,0.794098,0.12396
4382700,0,0,0.075386,4.82587,0.016411,0.03174
4382700,1,0,0.098457,4.79896,0.267288,0.01967
4382700,2,0,0.067184,4.83341,0.418686,0.09446
4382700,3,0,0.110687,4.6166,0.646851,0.13039
4382700,4,0,0.131126,4.44901,0.813217,0.12601
4382800,0,0,0.075279,4.82721,0.016342,0.03185
4382800,1,0,0.100891,4.79254,0.26545,0.02203
4382800,2,0,0.064285,4.8381,0.416771,0.09386
4382800,3,0,0.114403,4.61638,0.636024,0.12703
4382800,4,0,0.124107,4.47826,0.80397,0.12219
4382900,0,0,0.075691,4.8267,0.015991,0.03186
4382900,1,0,0.095329,4.80858,0.265793,0.02042
4382900,2,0,0.066139,4.83537,0.419739,0.094
4382900,3,0,0.107277,4.60949,0.639595,0.12819
4382900,4,0,0.124939,4.47469,0.8106,0.12357
4383000,0,0,0.075302,4.82699,0.015633,0.03169
4383000,1,0,0.098885,4.79771,0.261726,0.02098
4383000,2,0,0.063675,4.84219,0.407921,0.09368
4383000,3,0,0.108337,4.63277,0.62693,0.12235
4383000,4,0,0.126122,4.49388,0.795464,0.12104
4383100,0,0,0.07563,4.82604,0.015961,0.03185
4383100,1,0,0.091461,4.81111,0.27095,0.01982
4383100,2,0,0.064011,4.8388,0.416443,0.09424
4383100,3,0,0.108597,4.60934,0.644989,0.12316
4383100,4,0,0.119118,4.48737,0.813156,0.12275
